scenario,distance_m,temperature_k,density_kgm3,sound_speed_mps,pressure_pa
standard_isa,0.0,226.4,0.4388991225937826,301.63449404867475,28523.22884701946
standard_isa,0.0999998582307186,226.3999956609455,0.4388990867941889,301.63449115819657,28523.22597381112
standard_isa,1.099998028782842,226.3999522704066,0.4388987287984239,301.63446225341744,28523.1972417446
standard_isa,11.09993856086958,226.39951836560957,0.4388951488579464,301.63417320586785,28522.909922760457
standard_isa,111.09522860631424,226.39517937005456,0.4388593511142444,301.63128275005533,28520.036896517664
standard_isa,645.9440427098477,226.37196728279756,0.4386678838186951,301.6158193661895,28504.67120476844
standard_isa,1180.5804515931436,226.34875784175404,0.4384765022527576,301.6003569524839,28489.3139677338
standard_isa,1715.0060093566956,226.3255510465617,0.4382852063768133,301.5848955088464,28473.96518064468
standard_isa,2249.222269574488,226.3023468968583,0.4380939961512625,301.5694350351846,28458.624838734795
standard_isa,2783.230785294154,226.27914539228135,0.4379028715365238,301.55397553140654,28443.292937240545
standard_isa,3317.0331090371287,226.25594653246884,0.4377118324930359,301.53851699741983,28427.9694714012
standard_isa,3850.6307927988073,226.23275031705865,0.4375208789812573,301.5230594331325,28412.654436458837
standard_isa,4384.025388048699,226.20955674568856,0.4373300109616627,301.50760283845227,28397.347827658094
standard_isa,4917.218445730583,226.1863658179967,0.4371392283947484,301.492147213287,28382.049640246576
standard_isa,5450.211516262663,226.16317753362105,0.4369485312410274,301.4766925575446,28366.75986947449
standard_isa,5983.006149537727,226.13999189219984,0.4367579194610347,301.46123887113305,28351.478510594992
standard_isa,6515.603894923295,226.1168088933712,0.4365673930153211,301.44578615396017,28336.20555886377
standard_isa,7048.006301261783,226.0936285367733,0.4363769518644582,301.4303344059338,28320.94100953944
standard_isa,7580.214916870651,226.07045082204468,0.436186595969036,301.4148836269621,28305.68485788328
standard_isa,8112.231289542564,226.04727574882355,0.4359963252896632,301.3994338169528,28290.43709915935
standard_isa,8644.05696654554,226.0241033167484,0.4358061397869678,301.38398497581403,28275.197728634463
standard_isa,9175.693494623118,226.0009335254578,0.4356160394215967,301.36853710345366,28259.966741578184
standard_isa,9707.142419994496,225.97776637459023,0.4354260241542148,301.35309019977973,28244.744133262742
standard_isa,10238.4052883547,225.95460186378435,0.4352360939455066,301.3376442647002,28229.529898963217
standard_isa,10769.483644874736,225.9314399926789,0.4350462487561762,301.3221992981232,28214.324033957422
standard_isa,11300.379034201736,225.90828076091265,0.4348564885469452,301.30675529995665,28199.12653352585
standard_isa,11831.09300045912,225.88512416812432,0.4346668132785546,301.2913122701087,28183.937392951768
standard_isa,12361.62708724676,225.861970213953,0.4344772229117647,301.2758702084873,28168.75660752121
standard_isa,12891.98283764112,225.83881889803763,0.4342877174073551,301.2604291150008,28153.584172522984
standard_isa,13422.161794195414,225.81567022001715,0.434098296726122,301.244988989557,28138.420083248468
standard_isa,13952.165498939768,225.79252417953063,0.4339089608288818,301.2295498320641,28123.264334991865
standard_isa,14481.995493381362,225.7693807762172,0.4337197096764694,301.2141116424302,28108.116923050104
standard_isa,15011.653318504605,225.74624000971625,0.4335305432297398,301.1986744205636,28092.97784272294
standard_isa,15541.14051477126,225.7231018796668,0.4333414614495642,301.1832381663722,28077.84708931265
standard_isa,16070.458622120635,225.6999663857084,0.4331524642968362,301.16780287976445,28062.72465812452
standard_isa,16599.609179969702,225.6768335274803,0.4329635517324635,301.15236856064826,28047.610544466206
standard_isa,17128.59372721328,225.65370330462216,0.4327747237173775,301.136935208932,28032.504743648464
standard_isa,17657.413802224164,225.6305757167734,0.4325859802125241,301.1215028245239,28017.40725098445
standard_isa,18186.0709428533,225.60745076357367,0.4323973211788715,301.1060714073321,28002.318061790305
standard_isa,18714.56668642993,225.58432844466248,0.4322087465774027,301.0906409572647,27987.2371713846
standard_isa,19242.90256976176,225.5612087596797,0.4320202563691231,301.0752114742303,27972.16457508888
standard_isa,19771.080129135076,225.53809170826517,0.4318318505150555,301.0597829581369,27957.10026822735
standard_isa,20299.100900314937,225.51497729005857,0.4316435289762405,301.0443554088929,27942.044246126803
standard_isa,20826.96641854533,225.49186550469992,0.4314552917137382,301.02892882640657,27926.996504116847
standard_isa,21354.67821854928,225.4687563518292,0.4312671386886273,301.01350321058624,27911.95703752979
standard_isa,21882.23783452907,225.4456498310864,0.4310790698620052,300.9980785613401,27896.925841700635
standard_isa,22409.64680016633,225.42254594211164,0.430891085194988,300.9826548785767,27881.902911967103
standard_isa,22936.906648622244,225.3994446845452,0.4307031846487106,300.96723216220425,27866.888243669637
standard_isa,23464.018912537653,225.3763460580271,0.4305153681843254,300.9518104121312,27851.88183215128
standard_isa,23990.985124033257,225.35325006219784,0.4303276357630051,300.9363896282659,27836.883672757936
standard_isa,24517.806814709744,225.3301566966977,0.4301399873459403,300.92096981051674,27821.893760838117
standard_isa,25044.485515647943,225.30706596116715,0.4299524228943396,300.9055509587921,27806.912091743
standard_isa,25571.02275740898,225.28397785524652,0.429764942369431,300.89013307300047,27791.93866082654
standard_isa,26097.420070034445,225.26089237857653,0.4295775457324606,300.87471615305026,27776.97346344532
standard_isa,26623.67898304652,225.23780953079785,0.4293902329446943,300.85930019884995,27762.016494958745
standard_isa,27149.80102544816,225.21472931155105,0.4292030039674154,300.8438852103081,27747.06775072878
standard_isa,27675.787725723218,225.19165172047676,0.4290158587619245,300.8284711873329,27732.12722612001
standard_isa,28201.64061183663,225.16857675721585,0.4288287972895429,300.81305812983305,27717.194916499877
standard_isa,28727.36121123454,225.14550442140933,0.4286418195116108,300.7976460377172,27702.270817238517
standard_isa,29252.95105084448,225.12243471269807,0.4284549253894859,300.78223491089364,27687.35492370869
standard_isa,29778.411657075485,225.09936763072295,0.4282681148845426,300.76682474927094,27672.447231285696
standard_isa,30303.74455581829,225.0763031751252,0.4280813879581771,300.7514155527577,27657.547735347765
standard_isa,30828.95127244547,225.0532413455458,0.4278947445718028,300.73600732126255,27642.656431275704
standard_isa,31354.033331811555,225.03018214162603,0.4277081846868508,300.72060005469405,27627.77331445296
standard_isa,31878.99225825324,225.00712556300715,0.427521708264772,300.7051937529608,27612.898380265728
standard_isa,32403.829575589512,224.9840716093304,0.4273353152670346,300.6897884159713,27598.03162410281
standard_isa,32928.54680712179,224.9610202802372,0.4271490056551264,300.67438404363435,27583.173041355745
standard_isa,33453.145475634105,224.9379715753689,0.4269627793905522,300.6589806358584,27568.322627418675
standard_isa,33977.62710339322,224.9149254943671,0.426776636434837,300.6435781925523,27553.4803776885
standard_isa,34501.99321214883,224.89188203687337,0.426590576749523,300.6281767136246,27538.64628756473
standard_isa,35026.24532313367,224.86884120252927,0.4264046002961711,300.612776198984,27523.820352449544
standard_isa,35550.38495706369,224.84580299097647,0.4262187070363608,300.5973766485392,27509.0025677478
standard_isa,36074.41363413819,224.8227674018569,0.4260328969316901,300.58197806219897,27494.19292886705
standard_isa,36598.33287404,224.79973443481225,0.4258471699437755,300.5665804398719,27479.39143121749
standard_isa,37122.14419593562,224.7767040894844,0.4256615260342513,300.55118378146693,27464.59807021193
standard_isa,37645.849118475366,224.75367636551536,0.425475965164771,300.53578808689264,27449.81284126594
standard_isa,38169.44915979351,224.730651262547,0.4252904872970048,300.5203933560579,27435.03573979758
standard_isa,38692.94583750848,224.70762878022157,0.4251050923926442,300.50499958887144,27420.2667612278
standard_isa,39216.34066872296,224.68460891818103,0.4249197804133962,300.48960678524213,27405.50590098
standard_isa,39739.63517002406,224.6615916760677,0.4247345513209876,300.47421494507864,27390.753154480324
standard_isa,40262.8308574835,224.63857705352373,0.424549405077163,300.4588240682899,27376.00851715756
standard_isa,40785.92924665772,224.6155650501916,0.4243643416436867,300.4434341547848,27361.271984443207
standard_isa,41308.93185258804,224.59255566571363,0.4241793609823394,300.42804520447214,27346.543551771305
standard_isa,41831.84018980082,224.5695488997322,0.4239944630549209,300.4126572172607,27331.82321457858
standard_isa,42354.65577230763,224.54654475188988,0.4238096478232491,300.3972701930595,27317.1109683044
standard_isa,42877.380113605366,224.52354322182924,0.4236249152491612,300.3818841317774,27302.406808390828
standard_isa,43400.01472667642,224.50054430919292,0.4234402652945116,300.36649903332324,27287.71073028252
standard_isa,43922.56112398884,224.47754801362368,0.4232556979211733,300.351114897606,27273.022729426782
standard_isa,44445.02081749647,224.4545543347642,0.4230712130910374,300.3357317245347,27258.342801273557
standard_isa,44967.3953186391,224.43156327225728,0.4228868107660133,300.3203495140182,27243.67094127539
standard_isa,45489.68613834264,224.40857482574592,0.4227024909080297,300.30496826596544,27229.0071448876
standard_isa,46011.89478701925,224.38558899487296,0.4225182534790315,300.28958798028543,27214.35140756795
standard_isa,46534.02277456748,224.36260577928155,0.422334098440984,300.27420865688725,27199.703724777
standard_isa,47056.07161037245,224.33962517861465,0.4221500257558689,300.25883029567984,27185.064091977827
standard_isa,47578.042803306,224.31664719251543,0.4219660353856873,300.2434528965722,27170.43250463619
standard_isa,48099.937861726816,224.29367182062708,0.4217821272924575,300.2280764594734,27155.80895822044
standard_isa,48621.75829348061,224.27069906259297,0.4215983014382176,300.2127009842925,27141.19344820166
standard_isa,49143.50560590027,224.24772891805625,0.4214145577850219,300.1973264709385,27126.585970053387
standard_isa,49665.18130580596,224.22476138666065,0.421230896294946,300.18195291932074,27111.98651925205
standard_isa,50186.78689950536,224.2017964680492,0.4210473169300786,300.166580329348,27097.39509127631
standard_isa,50708.323892793735,224.1788341618656,0.4208638196525306,300.1512087009295,27082.81168160774
standard_isa,51229.79379095414,224.1558744677535,0.4206804044244308,300.1358380339744,27068.236285730523
standard_isa,51751.19809875755,224.1329173853565,0.4204970712079247,300.12046832839184,27053.66889913136
standard_isa,52272.53832046301,224.1099629143184,0.420313819965177,300.10509958409096,27039.10951729961
standard_isa,52793.81595981779,224.0870110542828,0.4201306506583695,300.08973180098087,27024.558135727217
standard_isa,53315.03252005753,224.0640618048936,0.4199475632497028,300.07436497897083,27010.01474990876
standard_isa,53836.18950390641,224.0411151657947,0.4197645577013952,300.05899911797,26995.479355341413
standard_isa,54357.28841357728,224.01817113663,0.4195816339756832,300.0436342178876,26980.951947524954
standard_isa,54878.33075077183,223.99522971704369,0.4193987920348228,300.0282702786328,26966.43252196189
standard_isa,55399.31801668071,223.9722909066797,0.4192160318410862,300.01290730011493,26951.92107415719
standard_isa,55920.251711983714,223.9493547051822,0.4190333533567639,299.9975452822432,26937.41759961843
standard_isa,56441.13333684992,223.9264211121955,0.4188507565441658,299.9821842249269,26922.9220938559
standard_isa,56961.96439093784,223.90349012736365,0.4186682413656174,299.96682412807525,26908.434552382318
standard_isa,57482.74637339555,223.88056175033128,0.4184858077834655,299.9514649915977,26893.95497071324
standard_isa,58003.4807828609,223.85763598074257,0.4183034557600721,299.93610681540326,26879.4833443666
standard_isa,58524.16911746158,223.834712818242,0.4181211852578181,299.9207495994015,26865.01966886299
standard_isa,59044.81287481535,223.81179226247423,0.4179389962391044,299.90539334350177,26850.563939725773
standard_isa,59565.41355203013,223.78887431308368,0.4177568886663459,299.8900380476133,26836.116152480587
standard_isa,60085.9726457042,223.7659589697151,0.4175748625019792,299.87468371164545,26821.67630265593
standard_isa,60606.49165192632,223.74304623201309,0.4173929177084564,299.85933033550765,26807.24438578274
standard_isa,61126.972066275885,223.72013609962255,0.4172110542482498,299.8439779191093,26792.820397394666
standard_isa,61647.41538382308,223.69722857218835,0.4170292720838483,299.8286264623599,26778.404333027876
standard_isa,62167.82309912902,223.67432364935524,0.4168475711777583,299.8132759651687,26763.996188221077
standard_isa,62688.19670624592,223.65142133076816,0.4166659514925044,299.79792642744513,26749.595958515565
standard_isa,63208.53769871724,223.62852161607236,0.416484412990631,299.7825778490988,26735.2036394554
standard_isa,63728.84756957782,223.60562450491267,0.416302955634698,299.7672302300391,26720.819226586987
standard_isa,64249.127811354025,223.5827299969344,0.4161215793872845,299.75188357017544,26706.44271545946
standard_isa,64769.37991606394,223.55983809178272,0.4159402842109875,299.7365378694174,26692.074101624483
standard_isa,65289.60537521747,223.5369487891028,0.4157590700684204,299.7211931276745,26677.71338063621
standard_isa,65809.80567981652,223.51406208854013,0.415577936922217,299.7058493448562,26663.360548051565
standard_isa,66329.98232035514,223.49117798974004,0.4153968847350274,299.690506520872,26649.015599429906
standard_isa,66850.13678681964,223.46829649234803,0.4152159134695204,299.6751646556316,26634.67853033323
standard_isa,67370.27056868881,223.44541759600943,0.4150350230883806,299.65982374904434,26620.34933632595
standard_isa,67890.38515493399,223.4225413003701,0.4148542135543138,299.64448380102004,26606.028012975323
standard_isa,68410.4820340193,223.39966760507556,0.4146734848300404,299.6291448114681,26591.714555850893
standard_isa,68930.56269390172,223.37679650977145,0.4144928368783013,299.6138067802982,26577.408960524983
standard_isa,69450.62862203129,223.35392801410364,0.4143122696618536,299.59846970741995,26563.111222572363
standard_isa,69970.68130535122,223.331062117718,0.414131783143473,299.583133592743,26548.82133757042
standard_isa,70490.72223029807,223.30819882026032,0.4139513772859526,299.56779843617704,26534.539301099077
standard_isa,71010.75288280187,223.28533812137653,0.4137710520521027,299.5524642376316,26520.26510874076
standard_isa,71530.77474828632,223.2624800207127,0.4135908074047525,299.5371309970165,26505.99875608055
standard_isa,72050.78931166888,223.23962451791496,0.4134106433067491,299.5217987142413,26491.740238706072
standard_isa,72570.79805736095,223.2167716126295,0.4132305597209569,299.50646738921586,26477.489552207506
standard_isa,73090.80246926803,223.19392130450237,0.4130505566102577,299.4911370218497,26463.24669217751
standard_isa,73610.80403078985,223.1710735931799,0.4128706339375514,299.47580761205273,26449.011654211365
standard_isa,74130.8042248205,223.1482284783084,0.4126907916657554,299.4604791597345,26434.784433906854
standard_isa,74650.80453374865,223.12538595953436,0.4125110297578058,299.445151664805,26420.5650268644
standard_isa,75170.80643945762,223.1025460365041,0.4123313481766555,299.42982512717384,26406.353428686885
standard_isa,75690.81142332556,223.07970870886425,0.4121517468852753,299.41449954675085,26392.149634979764
standard_isa,76210.82096622561,223.0568739762613,0.4119722258466544,299.39917492344586,26377.953641351072
standard_isa,76730.83654852606,223.03404183834195,0.4117927850237984,299.38385125716866,26363.76544341132
standard_isa,77250.85965009044,223.0112122947529,0.4116134243797317,299.36852854782904,26349.58503677362
standard_isa,77770.89175027773,222.98838534514093,0.4114341438774963,299.353206795337,26335.41241705361
standard_isa,78290.93432794251,222.9655609891529,0.4112549434801514,299.33788599960224,26321.247579869443
standard_isa,78810.98886143503,222.94273922643552,0.4110758231507733,299.3225661605346,26307.09052084177
standard_isa,79331.05682860147,222.91992005663596,0.410896782852458,299.3072472780442,26292.94123559392
standard_isa,79851.13970678402,222.89710347940112,0.4107178225483182,299.2919293520407,26278.79971975168
standard_isa,80371.23897282101,222.874289494378,0.4105389422014817,299.27661238243405,26264.6659689432
standard_isa,80891.35610304713,222.8514781012139,0.4103601417750986,299.2612963691343,26250.539978799487
standard_isa,81411.49257329352,222.8286692995559,0.4101814212323327,299.2459813120513,26236.42174495381
standard_isa,81931.64985888795,222.8058630890513,0.4100027805363677,299.2306672110949,26222.31126304209
standard_isa,82451.82943465494,222.78305946934745,0.4098242196504041,299.21535406617534,26208.208528702777
standard_isa,82972.03277491593,222.7602584400917,0.4096457385376604,299.20004187720235,26194.113537576814
standard_isa,83492.26135348946,222.73746000093155,0.409467337161372,299.18473064408613,26180.026285307653
standard_isa,84012.51664369124,222.7146641515144,0.4092890154847919,299.1694203667365,26165.946767541263
standard_isa,84532.80011833434,222.69187089148795,0.4091107734711921,299.15411104506364,26151.87497992623
standard_isa,85053.11324972937,222.6690802204997,0.4089326110838597,299.13880267897747,26137.81091811349
standard_isa,85573.45750968458,222.64629213819745,0.4087545282861021,299.1234952683881,26123.75457775667
standard_isa,86093.83436950602,222.6235066442289,0.4085765250412427,299.10818881320563,26109.70595451184
standard_isa,86614.2452999977,222.60072373824195,0.4083986013126223,299.0928833133401,26095.665044037552
standard_isa,87134.69177146173,222.5779434198844,0.4082207570635998,299.0775787687017,26081.631841994906
standard_isa,87655.17525369849,222.55516568880424,0.4080429922575516,299.0622751792004,26067.606344047508
standard_isa,88175.69721600672,222.5323905446494,0.4078653068578709,299.0469725447463,26053.588545861447
standard_isa,88696.25912718374,222.509617987068,0.4076877008279695,299.0316708652497,26039.57844310538
standard_isa,89216.86245552557,222.48684801570803,0.4075101741312754,299.0163701406205,26025.576031450382
standard_isa,89737.50866882702,222.46408063021792,0.407332726731236,299.0010703707692,26011.581306570173
standard_isa,90258.19923438194,222.4413158302457,0.4071553585913141,298.9857715556057,25997.594264140826
standard_isa,90778.9356189833,222.41855361543995,0.406978069674992,298.9704736950404,25983.614899841054
standard_isa,91299.71928892336,222.3957939854488,0.4068008599457672,298.9551767889833,25969.64320935192
standard_isa,91820.55170999384,222.37303693992067,0.4066237293671562,298.9398808373448,25955.6791883571
standard_isa,92341.43434748596,222.35028247850428,0.4064466779026935,298.9245858400351,25941.722832542797
standard_isa,92862.36866619076,222.327530600848,0.4062697055159291,298.90929179696434,25927.774137597567
standard_isa,93383.3561303991,222.3047813066005,0.4060928121704314,298.89399870804283,25913.83309921253
standard_isa,93904.3982039019,222.2820345954105,0.4059159978297872,298.878706573181,25899.899713081417
standard_isa,94425.49634999022,222.25929046692676,0.4057392624575994,298.8634153922889,25885.97397490028
standard_isa,94946.65203145548,222.23654892079796,0.4055626060174878,298.848125165277,25872.05588036768
standard_isa,95467.86671058949,222.21380995667303,0.4053860284730915,298.8328358920555,25858.145425184783
standard_isa,95989.14184918471,222.1910735742009,0.4052095297880658,298.8175475725348,25844.24260505515
standard_isa,96510.47890853448,222.16833977303065,0.4050331099260835,298.8022602066253,25830.34741568488
standard_isa,97031.87934943284,222.14560855281124,0.4048567688508349,298.7869737942373,25816.459852782507
standard_isa,97553.34463217502,222.12287991319172,0.4046805065260275,298.7716883352811,25802.579912059067
standard_isa,98074.87621655744,222.10015385382135,0.4045043229153859,298.75640382966725,25788.707589228063
standard_isa,98596.47556187784,222.07743037434932,0.4043282179826523,298.7411202773059,25774.842880005486
standard_isa,99118.14412693544,222.054709474425,0.4041521916915873,298.7258376781077,25760.985780109884
standard_isa,99639.88337003117,222.0319911536976,0.4039762440059663,298.710556031983,25747.136285262102
standard_isa,100161.6947489677,222.00927541181676,0.4038003748895851,298.6952753388423,25733.2943911857
standard_isa,100683.57972104964,221.98656224843185,0.4036245843062556,298.67999559859595,25719.46009360659
standard_isa,101205.5397430837,221.9638516631924,0.4034488722198048,298.6647168111545,25705.633388253034
standard_isa,101727.57627137884,221.94114365574805,0.403273238594081,298.6494389764285,25691.81427085601
standard_isa,102249.69076174636,221.9184382257484,0.4030976833929456,298.63416209432825,25678.00273714872
standard_isa,102771.8846695001,221.89573537284323,0.4029222065802806,298.6188861647644,25664.19878286703
standard_isa,103294.15944945658,221.8730350966823,0.4027468081199833,298.6036111876474,25650.402403749144
standard_isa,103816.51655593512,221.85033739691545,0.4025714879759694,298.58833716288785,25636.61359553581
standard_isa,104338.95744275804,221.82764227319257,0.4023962461121709,298.5730640903963,25622.832353970192
standard_isa,104861.48356325076,221.8049497251637,0.4022210824925384,298.5577919700833,25609.058674798
standard_isa,105384.09637024192,221.7822597524789,0.4020459970810383,298.5425208018595,25595.292553767293
standard_isa,105906.79731606362,221.75957235478816,0.4018709898416543,298.52725058563533,25581.53398662861
standard_isa,106429.58785255149,221.73688753174176,0.4016960607383892,298.5119813213216,25567.782969135074
standard_isa,106952.4694310448,221.71420528298972,0.4015212097352598,298.49671300882875,25554.03949704204
standard_isa,107475.4435023868,221.69152560818247,0.4013464367963028,298.4814456480675,25540.3035661075
standard_isa,107998.5115169246,221.6688485069704,0.4011717418855721,298.4661792389486,25526.57517209193
standard_isa,108521.67492450953,221.64617397900383,0.4009971249671372,298.4509137813826,25512.85431075811
standard_isa,109044.93517449712,221.62350202393327,0.4008225860050852,298.43564927528024,25499.14097787132
standard_isa,109568.29371574742,221.60083264140903,0.4006481249635198,298.420385720552,25485.43516919924
standard_isa,110091.75199662504,221.57816583108203,0.4004737418065644,298.40512311710893,25471.73688051219
standard_isa,110615.31146499922,221.55550159260255,0.4002994364983561,298.38986146486144,25458.04610758268
standard_isa,111138.9735682442,221.5328399256217,0.400125209003052,298.3746007637205,25444.362846185897
standard_isa,111662.73975323916,221.5101808297899,0.3999510592848251,298.35934101359663,25430.68709209933
standard_isa,112186.6114663684,221.48752430475815,0.399776987307865,298.3440822144008,25417.01884110293
standard_isa,112710.59015352164,221.46487035017736,0.3996029930363797,298.32882436604376,25403.358088979137
standard_isa,113234.67726009396,221.44221896569837,0.3994290764345927,298.31356746843613,25389.70483151273
standard_isa,113758.87423098608,221.41957015097225,0.3992552374667461,298.29831152148887,25376.05906449105
standard_isa,114283.18251060444,221.3969239056501,0.3990814760970992,298.2830565251127,25362.42078370387
standard_isa,114807.60354286134,221.3742802293831,0.3989077922899268,298.26780247921863,25348.789984943272
standard_isa,115332.1387711752,221.35163912182227,0.3987341860095212,298.2525493837173,25335.166664003813
standard_isa,115856.78963847055,221.32900058261896,0.3985606572201924,298.2372972385196,25321.55081668254
standard_isa,116381.55758717832,221.3063646114246,0.3983872058862686,298.2220460435365,25307.942438778984
standard_isa,116906.4440592358,221.2837312078904,0.3982138319720918,298.2067957986788,25294.3415260949
standard_isa,117431.45049608697,221.26110037166785,0.3980405354420238,298.1915465038574,25280.748074434647
standard_isa,117956.57833868258,221.23847210240845,0.3978673162604425,298.1762981589833,25267.16207960496
standard_isa,118481.82902748026,221.21584639976385,0.3976941743917431,298.1610507639673,25253.58353741502
standard_isa,119007.20400244468,221.19322326338556,0.3975211098003371,298.1458043187205,25240.01244367636
standard_isa,119532.70470304776,221.17060269292537,0.3973481224506547,298.1305588231537,25226.448794203072
standard_isa,120058.33256826874,221.1479846880349,0.3971752123071402,298.115314277178,25212.892584811467
standard_isa,120584.08903659432,221.125369248366,0.3970023793342571,298.1000706807042,25199.343811320407
standard_isa,121109.97554601886,221.10275637357051,0.3968296234964852,298.0848280336435,25185.802469551152
standard_isa,121635.99353404452,221.0801460633004,0.3966569447583214,298.0695863359067,25172.26855532736
standard_isa,122162.14443768136,221.05753831720764,0.3964843430842802,298.0543455874049,25158.742064475187
standard_isa,122688.42969344748,221.03493313494445,0.3963118184388928,298.0391057880494,25145.22299282316
standard_isa,123214.85073736926,221.01233051616256,0.3961393707867047,298.0238669377509,25131.71133620201
standard_isa,123741.4090049814,220.9897304605145,0.3959670000922827,298.0086290364206,25118.207090445227
standard_isa,124268.10593132713,220.96713296765228,0.3957947063202076,297.9933920839696,25104.71025138848
standard_isa,124794.94295095826,220.94453803722823,0.3956224894350777,297.97815608030885,25091.22081486988
standard_isa,125321.92149793547,220.9219456688948,0.3954503494015086,297.96292102534966,25077.738776729995
standard_isa,125849.0430058284,220.89935586230428,0.3952782861841327,297.947686919003,25064.26413281177
standard_isa,126376.30890771568,220.87676861710924,0.3951062997475996,297.93245376118006,25050.796878960587
standard_isa,126903.72063618526,220.8541839329622,0.3949343900565749,297.917221551792,25037.33701102417
standard_isa,127431.27962333438,220.8316018095157,0.3947625570757413,297.9019902907499,25023.88452485263
standard_isa,127958.98730076986,220.8090222464224,0.3945908007697993,297.8867599779651,25010.43941629859
standard_isa,128486.84509960817,220.78644524333515,0.3944191211034655,297.8715306133486,24997.00168121697
standard_isa,129014.85445047556,220.76387079990653,0.3942475180414727,297.8563021968117,24983.571315465066
standard_isa,129543.01678350828,220.74129891578949,0.394075991548572,297.84107472826565,24970.148314902664
standard_isa,130071.33352835262,220.71872959063683,0.39390454158953,297.8258482076216,24956.732675391853
standard_isa,130599.80611416516,220.6961628241017,0.3937331681291313,297.8106226347908,24943.3243927972
standard_isa,131128.43596961285,220.67359861583688,0.3935618711321764,297.79539800968445,24929.923462985564
standard_isa,131657.22452287315,220.6510369654957,0.3933906505634837,297.780174332214,24916.52988182634
standard_isa,132186.1732016342,220.6284778727311,0.3932195063878866,297.7649516022906,24903.143645191103
standard_isa,132715.28343309497,220.6059213371964,0.3930484385702371,297.7497298198256,24889.76474895399
standard_isa,133244.5566439654,220.5833673585448,0.3928774470754029,297.7345089847302,24876.39318899144
standard_isa,133773.99426046648,220.56081593642963,0.3927065318682681,297.7192890969159,24863.028961182245
standard_isa,134303.59770833055,220.53826707050436,0.392535692913736,297.70407015629394,24849.672061407728
standard_isa,134833.36841280124,220.51572076042223,0.3923649301767229,297.6888521627756,24836.322485551365
standard_isa,135363.3077986338,220.49317700583688,0.392194243622165,297.6736351162724,24822.980229499204
standard_isa,135893.4172900951,220.47063580640187,0.3920236332150139,297.6584190166956,24809.6452891396
standard_isa,136423.69831096387,220.44809716177096,0.391853098920239,297.6432038639567,24796.31766036334
standard_isa,136954.1522845308,220.42556107159757,0.3916826407028237,297.62798965796696,24782.99733906339
standard_isa,137484.7806335987,220.4030275355356,0.3915122585277715,297.61277639863795,24769.68432113533
standard_isa,138015.58478048266,220.3804965532388,0.3913419523601006,297.59756408588106,24756.378602477
standard_isa,138546.5661470101,220.3579681243611,0.3911717221648462,297.5823527196077,24743.0801789886
standard_isa,139077.72615452108,220.3354422485564,0.3910015679070606,297.5671422997293,24729.789046572725
standard_isa,139609.06622386826,220.31291892547864,0.3908314895518125,297.55193282615744,24716.505201134336
standard_isa,140140.58777541717,220.29039815478183,0.3906614870641867,297.53672429880345,24703.2286385807
standard_isa,140672.29222904635,220.26787993612015,0.3904915604092856,297.52151671757895,24689.95935482153
standard_isa,141204.1810041474,220.24536426914787,0.3903217095522286,297.5063100823955,24676.69734576893
standard_isa,141736.2555196252,220.22285115351912,0.3901519344581509,297.49110439316456,24663.442607337296
standard_isa,142268.51719389806,220.20034058888817,0.3899822350922043,297.47589964979767,24650.19513544337
standard_isa,142800.96744489783,220.17783257490936,0.3898126114195571,297.4606958522064,24636.95492600627
standard_isa,143333.60769007006,220.1553271112372,0.3896430634053954,297.44549300030235,24623.72197494753
standard_isa,143866.4393463741,220.132824197526,0.3894735910149201,297.43029109399697,24610.496278190923
standard_isa,144399.4638302833,220.1103238334304,0.3893041942133506,297.41509013320206,24597.277831662715
standard_isa,144932.68255778513,220.0878260186049,0.3891348729659208,297.399890117829,24584.066631291364
standard_isa,145466.09694438134,220.06533075270423,0.3889656272378831,297.38469104778954,24570.86267300783
standard_isa,145999.70840508808,220.04283803538317,0.3887964569945064,297.36949292299545,24557.665952745407
standard_isa,146533.51835443606,220.0203478662963,0.3886273622010747,297.35429574335814,24544.476466439628
standard_isa,147067.52820647068,219.9978602450986,0.3884583428228898,297.33909950878945,24531.29421002848
standard_isa,147601.7393747522,219.97537517144488,0.3882893988252692,297.3239042192009,24518.11917945222
standard_isa,148136.15327235576,219.95289264499024,0.3881205301735487,297.3087098745044,24504.95137065358
standard_isa,148670.77131187177,219.9304126653895,0.3879517368330776,297.29351647461147,24491.79077957741
standard_isa,149205.5949054058,219.9079352322978,0.3877830187692245,297.27832401943385,24478.637402171116
standard_isa,149740.62546457886,219.88546034537035,0.3876143759473734,297.2631325088834,24465.49123438435
standard_isa,150275.86440052753,219.86298800426223,0.3874458083329249,297.24794194287176,24452.35227216911
standard_isa,150811.31312390408,219.84051820862868,0.3872773158912954,297.23275232131067,24439.220511479693
standard_isa,151346.97304487662,219.81805095812516,0.3871088985879197,297.217563644112,24426.095948272858
standard_isa,151882.84557312922,219.79558625240685,0.386940556388247,297.2023759111874,24412.97857850755
standard_isa,152418.93211786207,219.77312409112935,0.386772289257745,297.18718912244884,24399.86839814519
standard_isa,152955.23408779164,219.7506644739481,0.3866040971618955,297.172003277808,24386.765403149377
standard_isa,153491.75289115083,219.72820740051864,0.3864359800661993,297.1568183771768,24373.6695894862
standard_isa,154028.48993568902,219.7057528704966,0.3862679379361717,297.141634420467,24360.58095312395
standard_isa,154565.4466286724,219.6833008835376,0.386099970737345,297.12645140759054,24347.499490033275
standard_isa,155102.62437688385,219.66085143929743,0.3859320784352684,297.11126933845924,24334.425196187203
standard_isa,155640.02458662336,219.6384045374318,0.3857642609955065,297.0960882129849,24321.358067560985
standard_isa,156177.64866370795,219.61596017759663,0.3855965183836422,297.0809080310796,24308.29810013236
standard_isa,156715.49801347195,219.59351835944787,0.3854288505652731,297.06572879265514,24295.24528988124
standard_isa,157253.57404076707,219.5710790826414,0.3852612575060137,297.0505504976234,24282.19963278991
standard_isa,157791.87814996258,219.54864234683333,0.3850937391714953,297.0353731458964,24269.161124843
standard_isa,158330.41174494542,219.52620815167967,0.3849262955273649,297.020196737386,24256.12976202739
standard_isa,158869.17622912038,219.5037764968367,0.384758926539287,297.0050212720044,24243.105540332406
standard_isa,159408.1730054102,219.4813473819606,0.3845916321729414,296.98984674966334,24230.088455749552
standard_isa,159947.4034762558,219.45892080670757,0.3844244123940241,296.97467317027485,24217.078504272667
standard_isa,160486.86904361626,219.43649677073387,0.3842572671682482,296.95950053375094,24204.075681897957
standard_isa,161026.5711089691,219.414075273696,0.3840901964613426,296.9443288400036,24191.079984623877
standard_isa,161566.51107331042,219.39165631525043,0.3839232002390536,296.92915808894503,24178.091408451302
standard_isa,162106.69033715493,219.3692398950536,0.3837562784671425,296.913988280487,24165.10994938329
standard_isa,162647.1103005362,219.34682601276216,0.3835894311113882,296.89881941454183,24152.135603425333
standard_isa,163187.7723630068,219.32441466803272,0.3834226581375848,296.8836514910215,24139.16836658509
standard_isa,163728.67792363837,219.30200586052183,0.3832559595115424,296.868484509838,24126.208234872563
standard_isa,164269.82838102177,219.27959958988643,0.3830893351990891,296.8533184709035,24113.255204300134
standard_isa,164811.2251332673,219.2571958557832,0.3829227851660683,296.8381533741301,24100.309270882448
standard_isa,165352.86957800476,219.23479465786912,0.3827563093783392,296.82298921943,24087.370430636405
standard_isa,165894.76311238366,219.21239599580105,0.3825899078017787,296.8078260067153,24074.43867958129
standard_isa,166436.90713307328,219.189999869236,0.3824235804022787,296.7926637358981,24061.5140137386
standard_isa,166979.3030362629,219.16760627783108,0.3822573271457478,296.7775024068907,24048.596429132194
standard_isa,167521.95221766183,219.1452152212433,0.3820911479981102,296.762342019605,24035.68592178813
standard_isa,168064.8560724997,219.1228266991297,0.3819250429253071,296.74718257395347,24022.78248773484
standard_isa,168608.01599552648,219.10044071114788,0.3817590118932969,296.73202406984825,24009.88612300312
standard_isa,169151.43338101264,219.0780572569549,0.3815930548680526,296.7168665072016,23996.99682362592
standard_isa,169695.10962274935,219.0556763362081,0.3814271718155635,296.7017098859256,23984.114585638505
standard_isa,170239.0461140486,219.0332979485649,0.3812613627018352,296.68655420593257,23971.239405078417
standard_isa,170783.24424774325,219.01092209368272,0.3810956274928905,296.6713994671348,23958.371277985578
standard_isa,171327.70541618732,218.9885487712192,0.380929966154768,296.6562456694446,23945.510200402143
standard_isa,171872.43101125603,218.9661779808319,0.380764378653522,296.6410928127742,23932.656168372538
standard_isa,172417.42242434595,218.94380972217832,0.3805988649552224,296.62594089703583,23919.809177943407
standard_isa,172962.68104637516,218.9214439949163,0.380433425025957,296.6107899221419,23906.96922516382
standard_isa,173508.20826778343,218.89908079870352,0.3802680588318282,296.5956398880047,23894.136306084994
standard_isa,174054.0054785323,218.876720133198,0.3801027663389567,296.5804907945368,23881.3104167606
standard_isa,174600.0740681052,218.85436199805736,0.3799375475134763,296.5653426416501,23868.49155324636
standard_isa,175146.4154255077,218.8320063929397,0.3797724023215392,296.55019542925726,23855.679711600416
standard_isa,175693.03093926754,218.8096533175029,0.3796073307293125,296.53504915727063,23842.87488788312
standard_isa,176239.92199743484,218.7873027714052,0.3794423327029811,296.51990382560257,23830.07707815721
standard_isa,176787.08998758215,218.7649547543046,0.3792774082087438,296.5047594341656,23817.28627848753
standard_isa,177334.53629680476,218.74260926585927,0.3791125572128169,296.48961598287195,23804.502484941306
standard_isa,177882.26231172064,218.72026630572748,0.3789477796814325,296.47447347163416,23791.725693587985
standard_isa,178430.2694184707,218.6979258735676,0.3787830755808397,296.4593319003647,23778.95590049938
standard_isa,178978.55900271898,218.67558796903788,0.3786184448773015,296.44419126897606,23766.193101749406
standard_isa,179527.1324496526,218.6532525917967,0.3784538875370982,296.42905157738056,23753.437293414318
standard_isa,180075.99114398207,218.63091974150268,0.3782894035265275,296.41391282549085,23740.688471572725
standard_isa,180625.1364699414,218.60858941781424,0.3781249928119006,296.39877501321934,23727.94663230534
standard_isa,181174.5698112882,218.58626162039005,0.3779606553595471,296.3836381404786,23715.211771695274
standard_isa,181724.29255130384,218.5639363488887,0.3777963911358107,296.36850220718105,23702.4838858278
standard_isa,182274.30607279355,218.54161360296905,0.377632200107053,296.3533672132395,23689.76297079054
standard_isa,182824.61175808663,218.51929338228965,0.3774680822396498,296.3382331585662,23677.04902267326
standard_isa,183375.21098903663,218.4969756865096,0.3773040374999947,296.3231000430739,23664.34203756812
standard_isa,183926.10514702127,218.47466051528747,0.3771400658544948,296.3079678666751,23651.642011569325
standard_isa,184477.2956129428,218.45234786828243,0.376976167269576,296.2928366292825,23638.94894077357
standard_isa,185028.78376722813,218.43003774515347,0.3768123417116791,296.27770633080854,23626.262821279688
standard_isa,185580.5709898288,218.40773014555967,0.3766485891472609,296.262576971166,23613.58364918878
standard_isa,186132.6586602213,218.38542506916005,0.3764849095427928,296.24744855026745,23600.911420604105
standard_isa,186685.04815740715,218.3631225156139,0.3763213028647645,296.2323210680255,23588.24613163132
standard_isa,187237.7408599129,218.34082248458037,0.3761577690796798,296.21719452435286,23575.5877783782
standard_isa,187790.7381457906,218.31852497571896,0.3759943081540612,296.2020689191623,23562.936356954964
standard_isa,188344.04139261757,218.2962299886888,0.3758309200544429,296.18694425236635,23550.29186347376
standard_isa,188897.65197749672,218.27393752314936,0.3756676047473782,296.1718205238777,23537.654294049225
standard_isa,189451.5712770568,218.25164757876036,0.375504362199436,296.1566977336093,23525.0236447982
standard_isa,190005.8006674523,218.2293601551811,0.3753411923772005,296.14157588147367,23512.39991183971
standard_isa,190560.3415243638,218.2070752520712,0.375178095247271,296.12645496738355,23499.78309129498
standard_isa,191115.19522299783,218.1847928690904,0.3750150707762645,296.11133499125185,23487.17317928759
standard_isa,191670.3631380875,218.1625130058984,0.3748521189308131,296.0962159529912,23474.57017194329
standard_isa,192225.84664389203,218.1402356621549,0.3746892396775639,296.0810978525144,23461.97406539001
standard_isa,192781.64711419732,218.11796083751983,0.3745264329831811,296.06598068973426,23449.384855758017
standard_isa,193337.7659223161,218.0956885316531,0.3743636988143451,296.05086446456363,23436.802539179796
standard_isa,193894.2044410876,218.0734187442145,0.3742010371377504,296.03574917691526,23424.22711178994
standard_isa,194450.9640428783,218.0511514748643,0.3740384479201094,296.0206348267021,23411.658569725456
standard_isa,195008.04609958173,218.0288867232624,0.3738759311281487,296.0055214138369,23399.09690912543
standard_isa,195565.45198261863,218.006624489069,0.3737134867286121,295.9904089382326,23386.542126131262
standard_isa,196123.18306293717,217.98436477194423,0.3735511146882581,295.975297399802,23373.99421688652
standard_isa,196681.2407110129,217.96210757154847,0.3733888149738618,295.96018679845804,23361.453177537034
standard_isa,197239.6262968493,217.9398528875419,0.3732265875522136,295.9450771341136,23348.919004230826
standard_isa,197798.3411899775,217.9176007195849,0.3730644323901197,295.9299684066816,23336.391693118127
standard_isa,198357.3867594565,217.89535106733797,0.3729023494544028,295.91486061607503,23323.87124035146
standard_isa,198916.7643738736,217.87310393046144,0.3727403387119002,295.8997537622067,23311.357642085448
standard_isa,199476.47540134407,217.85085930861612,0.3725784001294677,295.88464784498973,23298.850894477157
standard_isa,200036.52120951173,217.8286172014624,0.3724165336739727,295.8695428643369,23286.350993685537
standard_isa,200596.90316554884,217.80637760866108,0.3722547393123021,295.8544388201614,23273.857935872056
standard_isa,200668.44247343732,217.80353960819372,0.3722340965595454,295.8525113335103,23272.264083931976
temp_plus_10K,0.0,236.4,0.4409406512921119,308.22405486918115,29921.624098583936
temp_plus_10K,0.0999998580400436,236.39999543992087,0.4409406150928471,308.2240518964103,29921.621064973428
temp_plus_10K,1.0999980057113805,236.3999498391363,0.4409402531003782,308.224022168704,29921.590728886586
temp_plus_10K,11.099936211801706,236.39949383192368,0.4409366331932173,308.223724891896,29921.287369808917
temp_plus_10K,111.0949934931268,236.3949338155723,0.4409004358147499,308.2207521444072,29918.25395310472
temp_plus_10K,645.936130442764,236.37053936441455,0.4407068314376153,308.2048485250959,29902.030491289424
temp_plus_10K,1180.5541418699522,236.34614772618937,0.440513314419023,308.1889459190964,29885.81602324836
temp_plus_10K,1714.9507432101811,236.32175890050397,0.440319884718225,308.1730443263095,29869.61054386398
temp_plus_10K,2249.127649310868,236.29737288696592,0.4401265422944959,308.15714374663617,29853.41404802197
temp_plus_10K,2783.086574431537,236.27298968518303,0.4399332871071288,308.1412441799775,29837.226530610937
temp_plus_10K,3316.829232243996,236.24860929476276,0.4397401191154361,308.1253456262342,29821.04798652237
temp_plus_10K,3850.357335832509,236.22423171531292,0.4395470382787511,308.1094480853075,29804.87841065097
temp_plus_10K,4383.672597693978,236.19985694644157,0.4393540445564264,308.0935515570984,29788.717797894293
temp_plus_10K,4916.776729738119,236.17548498775636,0.4391611379078342,308.0776560415079,29772.56614315291
temp_plus_10K,5449.671443287633,236.15111583886528,0.4389683182923656,308.06176153843694,29756.42344133035
temp_plus_10K,5982.358449078392,236.12674949937647,0.4387755856694331,308.0458680477867,29740.289687333214
temp_plus_10K,6514.839457259603,236.1023859688981,0.4385829399984685,308.0299755694583,29724.16487607109
temp_plus_10K,7047.116177393996,236.07802524703823,0.4383903812389215,308.0140841033528,29708.04900245641
temp_plus_10K,7579.190318457993,236.05366733340523,0.4381979093502643,307.9981936493712,29691.942061404792
temp_plus_10K,8111.063588841889,236.0293122276073,0.4380055242919858,307.9823042074148,29675.844047834627
temp_plus_10K,8642.737696350025,236.00495992925303,0.4378132260235977,307.9664157773846,29659.754956667515
temp_plus_10K,9174.214348200963,235.9806104379508,0.4376210145046286,307.950528359182,29643.67478282783
temp_plus_10K,9705.495251027667,235.95626375330912,0.437428889694628,307.9346419527077,29627.60352124301
temp_plus_10K,10236.582110877673,235.93191987493668,0.437236851553165,307.9187565578635,29611.541166843483
temp_plus_10K,10767.476633213268,235.9075788024421,0.4370449000398279,307.9028721745502,29595.487714562587
temp_plus_10K,11298.180522911667,235.8832405354341,0.4368530351142247,307.8869888026691,29579.443159336683
temp_plus_10K,11828.69548426519,235.8589050735217,0.4366612567359839,307.8711064421216,29563.40749610512
temp_plus_10K,12359.023220981431,235.8345724163136,0.4364695648647524,307.8552250928088,29547.38071981016
temp_plus_10K,12889.16543618344,235.810242563419,0.4362779594601977,307.839344754632,29531.362825397104
temp_plus_10K,13419.123832409898,235.78591551444663,0.436086440482005,307.8234654274925,29515.35380781405
temp_plus_10K,13948.900111615289,235.761591269006,0.4358950078898821,307.8075871112917,29499.353662012327
temp_plus_10K,14478.495975170074,235.7372698267059,0.4357036616435531,307.7917098059308,29483.36238294593
temp_plus_10K,15007.91312386088,235.71295118715585,0.4355124017027642,307.77583351131113,29467.37996557206
temp_plus_10K,15537.153257890664,235.68863534996507,0.435321228027279,307.7599582273341,29451.40640485068
temp_plus_10K,16066.21807687888,235.66432231474303,0.435130140576883,307.7440839539012,29435.44169574488
temp_plus_10K,16595.109279861677,235.64001208109912,0.4349391393113788,307.7282106909136,29419.48583322055
temp_plus_10K,17123.828565292053,235.6157046486429,0.4347482241905897,307.71233843827275,29403.538812246607
temp_plus_10K,17652.377631040043,235.59140001698387,0.4345573951743581,307.6964671958801,29387.60062779488
temp_plus_10K,18180.75817439289,235.56709818573196,0.4343666522225469,307.6805969636372,29371.67127484024
temp_plus_10K,18708.97189205522,235.54279915449672,0.4341759952950375,307.6647277414452,29355.750748360417
temp_plus_10K,19237.02048014921,235.51850292288805,0.4339854243517306,307.6488595292058,29339.839043336087
temp_plus_10K,19764.905634214792,235.49420949051583,0.433794939352547,307.6329923268205,29323.9361547509
temp_plus_10K,20292.62904920978,235.4699188569901,0.4336045402574264,307.6171261341907,29308.042077591424
temp_plus_10K,20820.192419510084,235.44563102192075,0.4334142270263288,307.601260951218,29292.15680684721
temp_plus_10K,21347.59743890987,235.421345984918,0.4332239996192328,307.5853967778038,29276.28033751071
temp_plus_10K,21874.845800621737,235.39706374559208,0.4330338579961365,307.5695336138498,29260.41266457729
temp_plus_10K,22401.939197276894,235.37278430355312,0.4328438021170573,307.5536714592575,29244.55378304527
temp_plus_10K,22928.879320925327,235.3485076584114,0.4326538319420318,307.5378103139284,29228.70368791585
temp_plus_10K,23455.667863035986,235.32423380977733,0.432463947431117,307.5219501777641,29212.86237419328
temp_plus_10K,23982.306514496933,235.2999627572615,0.4322741485443886,307.5060910506663,29197.029836884663
temp_plus_10K,24508.79696561557,235.27569450047437,0.4320844352419413,307.4902329325366,29181.206071000008
temp_plus_10K,25035.140906118737,235.2514290390265,0.4318948074838903,307.47437582327666,29165.391071552323
temp_plus_10K,25561.340025152967,235.22716637252856,0.4317052652303683,307.4585197227881,29149.58483355741
temp_plus_10K,26087.3960112846,235.20290650059133,0.4315158084415292,307.4426646309725,29133.787352034145
temp_plus_10K,26613.310552499985,235.17864942282569,0.4313264370775455,307.42681054773175,29117.99862200425
temp_plus_10K,27139.085336205644,235.1543951388423,0.4311371510986078,307.41095747296737,29102.21863849226
temp_plus_10K,27664.722049228458,235.13014364825236,0.4309479504649287,307.3951054065812,29086.44739652587
temp_plus_10K,28190.222377815822,235.10589495066677,0.4307588351367373,307.37925434847494,29070.68489113546
temp_plus_10K,28715.58800763585,235.08164904569668,0.4305698050742848,307.36340429855034,29054.931117354507
temp_plus_10K,29240.82062377752,235.05740593295312,0.4303808602378374,307.34755525670914,29039.18607021913
temp_plus_10K,29765.921910750832,235.0331656120475,0.4301920005876856,307.33170722285314,29023.449744768677
temp_plus_10K,30290.89355248705,235.00892808259096,0.4300032260841357,307.31586019688416,29007.722136045184
temp_plus_10K,30815.73723233881,234.98469334419516,0.4298145366875153,307.30001417870403,28992.003239093738
temp_plus_10K,31340.454633080324,234.96046139647103,0.4296259323581679,307.2841691682144,28976.293048962063
temp_plus_10K,31865.04743690754,234.93623223903077,0.4294374130564622,307.2683251653175,28960.591560701272
temp_plus_10K,32389.517325438323,234.9120058714854,0.4292489787427794,307.25248216991486,28944.898769364827
temp_plus_10K,32913.86597971263,234.88778229344692,0.4290606293775253,307.2366401819085,28929.214670009515
temp_plus_10K,33438.095080192696,234.8635615045268,0.4288723649211201,307.22079920120024,28913.53925769465
temp_plus_10K,33962.20630676316,234.8393435043369,0.4286841853340065,307.204959227692,28897.872527482723
temp_plus_10K,34486.201338731305,234.8151282924892,0.428496090576646,307.18912026128567,28882.21447443904
temp_plus_10K,35010.08185482718,234.7909158685956,0.4283080806095193,307.1732823018833,28866.565093631823
temp_plus_10K,35533.84953320379,234.7667062322682,0.4281201553931261,307.15744534938693,28850.924380132197
temp_plus_10K,36057.50605143729,234.74249938311883,0.427932314887983,307.14160940369834,28835.292329013955
temp_plus_10K,36581.05308652711,234.71829532075984,0.4277445590546285,307.1257744647195,28819.66893535403
temp_plus_10K,37104.492314896175,234.69409404480348,0.4275568878536204,307.10994053235265,28804.05419423222
temp_plus_10K,37627.82541239106,234.66989555486197,0.4273693012455335,307.0941076064996,28788.448100731068
temp_plus_10K,38151.05405428216,234.6456998505475,0.4271817991909623,307.07827568706244,28772.85064993602
temp_plus_10K,38674.17991526385,234.62150693147265,0.4269943816505211,307.0624447739432,28757.26183693546
temp_plus_10K,39197.2046694547,234.59731679724987,0.4268070485848433,307.046614867044,28741.681656820678
temp_plus_10K,39720.12999039762,234.57312944749197,0.4266197999545823,307.0307859662669,28726.110104685864
temp_plus_10K,40242.95755106001,234.5489448818113,0.4264326357204078,307.014958071514,28710.54717562792
temp_plus_10K,40765.689023833984,234.5247630998207,0.4262455558430106,306.99913118268745,28694.992864746724
temp_plus_10K,41288.3260805365,234.50058410113283,0.4260585602830997,306.9833052996893,28679.447167144997
temp_plus_10K,41810.87039240955,234.4764078853608,0.4258716490014051,306.9674804224219,28663.910077928467
temp_plus_10K,42333.32363012035,234.45223445211727,0.4256848219586724,306.9516565507871,28648.38159220546
temp_plus_10K,42855.68746376148,234.42806380101536,0.425498079115669,306.93583368468734,28632.861705087387
temp_plus_10K,43377.96356285105,234.403895931668,0.4253114204331796,306.92001182402464,28617.35041168837
temp_plus_10K,43900.15359633293,234.3797308436885,0.4251248458720099,306.90419096870136,28601.84770712559
temp_plus_10K,44422.259232576864,234.35556853669,0.4249383553929824,306.88837111861966,28586.353586518893
temp_plus_10K,44944.28213937867,234.33140901028568,0.4247519489569397,306.87255227368166,28570.868044991057
temp_plus_10K,45466.22398396041,234.30725226408893,0.4245656265247434,306.8567344337898,28555.39107766772
temp_plus_10K,45988.08643297054,234.2830982977133,0.4243793880572744,306.84091759884643,28539.92267967745
temp_plus_10K,46509.87115248412,234.25894711077203,0.4241932335154308,306.82510176875354,28524.462846151444
temp_plus_10K,47031.57980800296,234.2347987028788,0.4240071628601313,306.8092869434136,28509.011572223964
temp_plus_10K,47553.21406445581,234.2106530736472,0.4238211760523137,306.7934731227289,28493.568853032066
temp_plus_10K,48074.77558619849,234.186510222691,0.4236352730529336,306.7776603066019,28478.13468371563
temp_plus_10K,48596.26603701413,234.16237014962388,0.423449453822966,306.76184849493484,28462.70905941738
temp_plus_10K,49117.68708011328,234.13823285405968,0.4232637183234051,306.74603768763006,28447.291975282897
temp_plus_10K,49639.0403781341,234.11409833561228,0.4230780665152634,306.73022788459,28431.88342646058
temp_plus_10K,50160.327593142574,234.08996659389567,0.4228924983595725,306.714419085717,28416.48340810169
temp_plus_10K,50681.55038663261,234.0658376285239,0.4227070138173834,306.6986112909136,28401.09191536036
temp_plus_10K,51202.710419526265,234.041711439111,0.4225216128497648,306.682804500082,28385.708943393456
temp_plus_10K,51723.8093521739,234.0175880252713,0.4223362954178062,306.66699871312494,28370.33448736085
temp_plus_10K,52244.84884435434,233.99346738661893,0.4221510614826138,306.6511939299447,28354.968542425064
temp_plus_10K,52765.83055527506,233.96934952276823,0.4219659110053135,306.6353901504437,28339.611103751547
temp_plus_10K,53286.75614357237,233.94523443333355,0.4217808439470502,306.61958737452466,28324.262166508557
temp_plus_10K,53807.62726731154,233.92112211792943,0.4215958602689881,306.6037856020899,28308.92172586723
temp_plus_10K,54328.44558398702,233.8970125761705,0.4214109599323097,306.58798483304207,28293.58977700151
temp_plus_10K,54849.212750522594,233.872905807671,0.4212261428982146,306.5721850672836,28278.26631508799
temp_plus_10K,55369.93042327154,233.84880181204605,0.4210414091279253,306.55638630471714,28262.951335306465
temp_plus_10K,55890.600258016806,233.82470058890996,0.4208567585826779,306.54058854524504,28247.644832839087
temp_plus_10K,56411.2239099712,233.80060213787772,0.4206721912237317,306.5247917887702,28232.34680287122
temp_plus_10K,56931.803033777534,233.77650645856423,0.420487707012362,306.508996035195,28217.05724059081
temp_plus_10K,57452.33928350882,233.7524135505844,0.4203033059098646,306.49320128442224,28201.77614118876
temp_plus_10K,57972.83431266842,233.7283234135533,0.4201189878775534,306.4774075363544,28186.503499858736
temp_plus_10K,58493.28977419023,233.704236047086,0.4199347528767608,306.46161479089426,28171.239311797195
temp_plus_10K,59013.70732043884,233.68015145079755,0.419750600868837,306.4458230479443,28155.983572203357
temp_plus_10K,59534.08860320971,233.65606962430323,0.4195665318151528,306.4300323074074,28140.736276279356
temp_plus_10K,60054.43527372936,233.6319905672184,0.4193825456770975,306.4142425691862,28125.49741923016
temp_plus_10K,60574.7489826555,233.6079142791584,0.4191986424160775,306.39845383318334,28110.266996263388
temp_plus_10K,61095.03138007725,233.5838407597385,0.4190148219935188,306.3826660993016,28095.045002589555
temp_plus_10K,61615.28411551526,233.55977000857436,0.4188310843708658,306.36687936744363,28079.83143342195
temp_plus_10K,62135.5088379219,233.53570202528144,0.4186474295095824,306.35109363751235,28064.626283976744
temp_plus_10K,62655.70719568146,233.5116368094756,0.4184638573711513,306.33530890941046,28049.429549472883
temp_plus_10K,63175.88083661029,233.48757436077227,0.4182803679170722,306.3195251830408,28034.24122513201
temp_plus_10K,63696.03140795696,233.46351467878745,0.418096961108865,306.3037424583061,28019.061306178683
temp_plus_10K,64216.16055640246,233.4394577631369,0.4179136369080671,306.2879607351092,28003.88978784017
temp_plus_10K,64736.26992806034,233.41540361343652,0.4177303952762359,306.2721800133531,27988.72666534661
temp_plus_10K,65256.36116847693,233.39135222930224,0.4175472361749445,306.2564002929403,27973.57193393075
temp_plus_10K,65776.43592263144,233.3673036103502,0.4173641595657887,306.240621573774,27958.42558882841
temp_plus_10K,66296.4958349362,233.3432577561965,0.4171811654103801,306.2248438557569,27943.287625278008
temp_plus_10K,66816.54254923676,233.3192146664573,0.4169982536703491,306.209067138792,27928.15803852073
temp_plus_10K,67336.57770881214,233.29517434074896,0.4168154243073463,306.1932914227821,27913.03682380073
temp_plus_10K,67856.60295637492,233.2711367786877,0.4166326772830384,306.1775167076303,27897.923976364687
temp_plus_10K,68376.61993407147,233.24710197988995,0.4164500125591132,306.1617429932394,27882.819491462295
temp_plus_10K,68896.63028348207,233.2230699439722,0.4162674300972751,306.1459702795124,27867.723364345893
temp_plus_10K,69416.63564562115,233.19904067055103,0.4160849298592486,306.1301985663524,27852.635590270675
temp_plus_10K,69936.63766093738,233.175014159243,0.4159025118067747,306.1144278536622,27837.55616449448
temp_plus_10K,70456.6379693139,233.15099040966467,0.415720175901614,306.0986581413449,27822.485082277995
temp_plus_10K,70976.63821006844,233.12696942143307,0.4155379221055477,306.08288942930363,27807.42233888487
temp_plus_10K,71496.64002195354,233.1029511941649,0.4153557503803722,306.0671217174413,27792.367929581244
temp_plus_10K,72016.64504315668,233.07893572747685,0.4151736606879029,306.051355005661,27777.32184963604
temp_plus_10K,72536.65491130046,233.054923020986,0.414991652989975,306.0355892938657,27762.284094321112
temp_plus_10K,73056.6712634428,233.03091307430952,0.4148097272484422,306.0198245819587,27747.25465891105
temp_plus_10K,73576.69573607706,233.0069058870644,0.4146278834251759,306.004060869843,27732.233538683133
temp_plus_10K,74096.72996513224,232.9829014588677,0.4144461214820656,305.98829815742164,27717.22072891741
temp_plus_10K,74616.77558597314,232.9588997893367,0.4142644413810199,305.97253644459784,27702.216224896703
temp_plus_10K,75136.83423340053,232.9349008780888,0.4140828430839658,305.9567757312747,27687.22002190664
temp_plus_10K,75656.90754165132,232.91090472474116,0.4139013265528482,305.9410160173554,27672.232115235503
temp_plus_10K,76176.99714439873,232.8869113289113,0.4137198917496312,305.92525730274315,27657.25250017445
temp_plus_10K,76697.10467475247,232.86292069021692,0.4135385386362973,305.90949958734114,27642.281172017378
temp_plus_10K,77217.23176525887,232.83893280827544,0.4133572671748464,305.8937428710526,27627.318126060825
temp_plus_10K,77737.3800479011,232.8149476827045,0.4131760773272981,305.87798715378074,27612.363357604238
temp_plus_10K,78257.55115409932,232.79096531312177,0.4129949690556884,305.8622324354288,27597.416861949587
temp_plus_10K,78777.74671471081,232.7669856991451,0.4128139423220739,305.84647871589993,27582.478634401847
temp_plus_10K,79297.96836003021,232.74300884039235,0.4126329970885286,305.8307259950976,27567.54867026859
temp_plus_10K,79818.21771978962,232.71903473648135,0.4124521333171441,305.814974272925,27552.626964860134
temp_plus_10K,80338.49642315884,232.69506338703025,0.412271350970032,305.79922354928544,27537.713513489627
temp_plus_10K,80858.80609874547,232.6710947916569,0.4120906500093207,305.7834738240822,27522.80831147285
temp_plus_10K,81379.1483745951,232.64712894997965,0.4119100303971576,305.7677250972187,27507.91135412838
temp_plus_10K,81899.5248781915,232.62316586161643,0.4117294920957076,305.7519773685982,27493.02263677748
temp_plus_10K,82419.93723645678,232.59920552618564,0.4115490350671555,305.7362306381241,27478.14215474424
temp_plus_10K,82940.38707575154,232.57524794330567,0.4113686592737034,305.72048490569983,27463.26990335545
temp_plus_10K,83460.87602187505,232.55129311259483,0.4111883646775714,305.7047401712288,27448.40587794058
temp_plus_10K,83981.40570006544,232.5273410336717,0.4110081512409991,305.68899643461435,27433.55007383193
temp_plus_10K,84501.97773499983,232.5033917061548,0.410828018926243,305.6732536957599,27418.702486364436
temp_plus_10K,85022.59375079452,232.4794451296625,0.4106479676955776,305.657511954569,27403.86311087572
temp_plus_10K,85543.25537100514,232.4555013038137,0.4104679975112972,305.64177121094497,27389.03194270629
temp_plus_10K,86063.96421862686,232.43156022822717,0.4102881083357132,305.62603146479137,27374.20897719924
temp_plus_10K,86584.72191609451,232.4076219025216,0.410108300131156,305.61029271601166,27359.39420970049
temp_plus_10K,87105.53008528276,232.383686326316,0.409928572859974,305.5945549645095,27344.587635558622
temp_plus_10K,87626.39034750634,232.35975349922916,0.4097489264845323,305.57881821018816,27329.789250124875
temp_plus_10K,88147.3043235201,232.33582342088013,0.4095693609672163,305.5630824529513,27314.99904875332
temp_plus_10K,88668.2736335193,232.31189609088804,0.4093898762704286,305.54734769270243,27300.21702680067
temp_plus_10K,89189.29989713969,232.2879715088721,0.4092104723565903,305.5316139293452,27285.443179626425
temp_plus_10K,89710.3847334577,232.26404967445143,0.4090311491881402,305.5158811627831,27270.6775025927
temp_plus_10K,90231.52976099064,232.24013058724532,0.4088519067275356,305.5001493929197,27255.919991064384
temp_plus_10K,90752.73659769684,232.21621424687328,0.4086727449372523,305.4844186196588,27241.170640409106
temp_plus_10K,91274.00686097576,232.19230065295457,0.4084936637797832,305.468688842904,27226.4294459971
temp_plus_10K,91795.34216766832,232.1683898051088,0.408314663217641,305.45296006255865,27211.69640320144
temp_plus_10K,92316.74413405688,232.14448170295543,0.4081357432133548,305.4372322785268,27196.97150739777
temp_plus_10K,92838.21437586556,232.12057634611423,0.4079569037294729,305.42150549071187,27182.25475396456
temp_plus_10K,93359.75450826026,232.0966737342048,0.4077781447285605,305.4057796990176,27167.546138282814
temp_plus_10K,93881.36614584898,232.07277386684697,0.407599466173203,305.3900549033478,27152.845655736463
temp_plus_10K,94403.05090268188,232.0488767436605,0.4074208680260017,305.3743311036061,27138.153301711933
temp_plus_10K,94924.81039225149,232.02498236426536,0.4072423502495769,305.35860829969624,27123.469071598432
temp_plus_10K,95446.64622749283,232.00109072828155,0.4070639128065674,305.34288649152205,27108.792960787887
temp_plus_10K,95968.5600207837,231.97720183532903,0.4068855556596293,305.3271656789872,27094.124964674877
temp_plus_10K,96490.55338394469,231.9533156850281,0.4067072787714378,305.31144586199554,27079.465078656714
temp_plus_10K,97012.62792823944,231.92943227699865,0.406529082104684,305.2957270404508,27064.81329813328
temp_plus_10K,97534.78526437482,231.90555161086112,0.4063509656220794,305.2800092142569,27050.169618507305
temp_plus_10K,98057.027002501,231.88167368623576,0.4061729292863522,305.2642923833175,27035.534035184093
temp_plus_10K,98579.35475221174,231.85779850274295,0.4059949730602489,305.24857654753663,27020.90654357169
temp_plus_10K,99101.77012254446,231.83392606000328,0.4058170969065349,305.232861706818,27006.287139080858
temp_plus_10K,99624.27472198044,231.81005635763717,0.4056393007879921,305.2171478610657,26991.67581712494
temp_plus_10K,100146.87015844505,231.78618939526524,0.4054615846674217,305.20143501018345,26977.072573120076
temp_plus_10K,100669.55803930774,231.76232517250804,0.4052839485076409,305.1857231540752,26962.477402484885
temp_plus_10K,101192.33997138246,231.73846368898631,0.4051063922714863,305.17001229264474,26947.890300640844
temp_plus_10K,101715.2175609276,231.714604944321,0.4049289159218138,305.1543024257962,26933.311263012125
temp_plus_10K,102238.19241364628,231.69074893813277,0.4047515194214941,305.1385935534334,26918.74028502541
temp_plus_10K,102761.26613468648,231.66689567004275,0.4045742027334192,305.1228856754604,26904.177362110266
temp_plus_10K,103284.4403286412,231.64304513967176,0.4043969658204961,305.1071787917811,26889.6224896987
temp_plus_10K,103807.71659954866,231.61919734664093,0.4042198086456515,305.0914729022996,26875.075663225543
temp_plus_10K,104331.0965508924,231.59535229057164,0.4040427311718308,305.07576800692,26860.53687812837
temp_plus_10K,104854.5817856015,231.57150997108477,0.403865733361994,305.060064105546,26846.00612984713
temp_plus_10K,105378.17390605078,231.5476703878016,0.4036888151791213,305.04436119808184,26831.48341382464
temp_plus_10K,105901.87451406088,231.5238335403437,0.4035119765862117,305.0286592844317,26816.968725506427
temp_plus_10K,106425.68521089845,231.49999942833236,0.4033352175462802,305.0129583644995,26802.462060340546
temp_plus_10K,106949.60759727636,231.47616805138895,0.4031585380223602,304.99725843818936,26787.96341377777
temp_plus_10K,107473.64327335384,231.4523394091352,0.4029819379775036,304.98155950540547,26773.47278127154
temp_plus_10K,107997.79383873664,231.42851350119255,0.4028054173747787,304.9658615660518,26758.99015827787
temp_plus_10K,108522.0608924772,231.4046903271828,0.4026289761772733,304.9501646200325,26744.51554025555
temp_plus_10K,109046.4460330748,231.38086988672768,0.4024526143480925,304.934468667252,26730.048922665974
temp_plus_10K,109570.9508584758,231.35705217944889,0.4022763318503582,304.91877370761404,26715.59030097312
temp_plus_10K,110095.57696607364,231.3332372049684,0.4021001286472112,304.903079741023,26701.13967064369
temp_plus_10K,110620.32595270916,231.3094249629081,0.4019240047018104,304.88738676738313,26686.697027147064
temp_plus_10K,111145.19941467082,231.2856154528902,0.4017479599773321,304.8716947865987,26672.262365955216
temp_plus_10K,111670.1989476946,231.26180867453655,0.4015719944369694,304.8560037985738,26657.835682542733
temp_plus_10K,112195.32614696443,231.23800462746948,0.4013961080439348,304.84031380321267,26643.41697238691
temp_plus_10K,112720.58260711229,231.21420331131117,0.4012203007614576,304.82462480041966,26629.00623096766
temp_plus_10K,113245.96992221817,231.19040472568383,0.4010445725527849,304.808936790099,26614.60345376752
temp_plus_10K,113771.48968581058,231.16660887020984,0.4008689233811817,304.7932497721549,26600.20863627166
temp_plus_10K,114297.14349086648,231.1428157445117,0.4006933532099307,304.77756374649186,26585.821773967928
temp_plus_10K,114822.93292981146,231.11902534821184,0.4005178620023326,304.7618787130141,26571.44286234677
temp_plus_10K,115348.85959452004,231.0952376809328,0.4003424497217048,304.7461946716258,26557.071896901238
temp_plus_10K,115874.92507631567,231.0714527422973,0.400167116331385,304.7305116222316,26542.70887312717
temp_plus_10K,116401.13096597102,231.04767053192805,0.3999918617947257,304.7148295647357,26528.35378652285
temp_plus_10K,116927.47885370806,231.0238910494476,0.3998166860750973,304.6991484990424,26514.00663258918
temp_plus_10K,117453.97032919827,231.000114294479,0.3996415891358905,304.68346842505633,26499.667406829907
temp_plus_10K,117980.60698156284,230.97634026664505,0.3994665709405109,304.66778934268166,26485.33610475118
temp_plus_10K,118507.39039937271,230.95256896556876,0.3992916314523831,304.65211125182293,26471.01272186186
temp_plus_10K,119034.32217064891,230.9288003908732,0.3991167706349497,304.63643415238465,26456.69725367349
temp_plus_10K,119561.40388286252,230.9050345421813,0.3989419884516699,304.6207580442712,26442.38969570012
temp_plus_10K,120088.63712293506,230.8812714191165,0.398767284866021,304.60508292738706,26428.09004345849
temp_plus_10K,120616.02347723844,230.85751102130183,0.3985926598414983,304.58940880163675,26413.798292467935
temp_plus_10K,121143.5645315953,230.83375334836077,0.3984181133416141,304.57373566692473,26399.514438250422
temp_plus_10K,121671.26187127904,230.8099983999164,0.3982436453298978,304.55806352315545,26385.23847633043
temp_plus_10K,122199.11708101408,230.7862461755924,0.3980692557698987,304.54239237023364,26370.970402235256
temp_plus_10K,122727.131744976,230.7624966750124,0.3978949446251817,304.52672220806375,26356.71021149468
temp_plus_10K,123255.30744679164,230.73874989779955,0.397720711859329,304.5110530365502,26342.457899641
temp_plus_10K,123783.64576953936,230.71500584357784,0.3975465574359422,304.4953848555978,26328.213462209333
temp_plus_10K,124312.14829574912,230.6912645119708,0.3973724813186383,304.47971766511097,26313.976894737203
temp_plus_10K,124840.81660740275,230.66752590260228,0.3971984834710536,304.46405146499444,26299.748192764877
temp_plus_10K,125369.652285934,230.64379001509613,0.3970245638568418,304.44838625515274,26285.527351835197
temp_plus_10K,125898.65691222872,230.62005684907624,0.396850722439673,304.4327220354906,26271.314367493545
temp_plus_10K,126427.83206662515,230.59632640416663,0.3966769591832363,304.41705880591263,26257.10923528802
temp_plus_10K,126957.17932891396,230.5725986799914,0.3965032740512374,304.4013965663235,26242.9119507692
temp_plus_10K,127486.70027833834,230.54887367617457,0.3963296670073993,304.3857353166279,26228.722509490304
temp_plus_10K,128016.3964935944,230.52515139234023,0.3961561380154628,304.37007505673057,26214.540907007125
temp_plus_10K,128546.2695528312,230.50143182811289,0.3959826870391869,304.3544157865361,26200.36713887812
temp_plus_10K,129076.3210336508,230.4777149831166,0.395809314042347,304.3387575059494,26186.201200664265
temp_plus_10K,129606.55251310866,230.4540008569759,0.3956360189887367,304.32310021487507,26172.043087929167
temp_plus_10K,130136.96556771362,230.4302894493152,0.3954628018421667,304.307443913218,26157.892796238983
temp_plus_10K,130667.56177342815,230.4065807597589,0.3952896625664647,304.29178860088274,26143.750321162446
temp_plus_10K,131198.3427056685,230.3828747879318,0.3951166011254777,304.2761342777743,26129.615658271006
temp_plus_10K,131729.30993930483,230.35917153345844,0.3949436174830684,304.26048094379746,26115.48880313857
temp_plus_10K,132260.4650486614,230.3354709959636,0.3947707116031178,304.244828598857,26101.36975134167
temp_plus_10K,132791.80960751674,230.31177317507192,0.3945978834495232,304.22917724285776,26087.258498459367
temp_plus_10K,133323.34518910383,230.2880780704084,0.3944251329862007,304.2135268757046,26073.15504007338
temp_plus_10K,133855.07336611018,230.264385681598,0.3942524601770832,304.1978774973024,26059.059371767977
temp_plus_10K,134386.99571067814,230.2406960082655,0.3940798649861208,304.18222910755594,26044.97148912997
temp_plus_10K,134919.11379440484,230.21700905003613,0.3939073473772816,304.16658170637027,26030.89138774881
temp_plus_10K,135451.42918834262,230.19332480653495,0.3937349073145503,304.15093529365026,26016.819063216444
temp_plus_10K,135983.943462999,230.1696432773872,0.3935625447619296,304.1352898693007,26002.75451112745
temp_plus_10K,136516.65818833694,230.14596446221805,0.3933902596834393,304.1196454332268,25988.69772707897
temp_plus_10K,137049.57493377491,230.122288360653,0.3932180520431175,304.1040019853333,25974.648706670763
temp_plus_10K,137582.69526818715,230.0986149723172,0.3930459218050171,304.0883595255253,25960.60744550495
temp_plus_10K,138116.0207599038,230.07494429683624,0.3928738689332108,304.07271805370766,25946.573939186448
temp_plus_10K,138649.552976711,230.0512763338357,0.3927018933917885,304.0570775697855,25932.54818332269
temp_plus_10K,139183.2934858512,230.02761108294104,0.3925299951448561,304.0414380736638,25918.530173523584
temp_plus_10K,139717.24385402317,230.003948543778,0.3923581741565374,304.0257995652475,25904.519905401645
temp_plus_10K,140251.4056473822,229.98028871597228,0.3921864303909738,304.0101620444418,25890.51737457197
temp_plus_10K,140785.78043154036,229.95663159914972,0.3920147638123242,303.9945255111518,25876.52257665224
temp_plus_10K,141320.36977156656,229.93297719293608,0.3918431743847633,303.97888996528235,25862.53550726254
temp_plus_10K,141855.1752319867,229.90932549695745,0.3916716620724855,303.9632554067387,25848.55616202574
temp_plus_10K,142390.19837678396,229.8856765108396,0.3915002268397,303.94762183542593,25834.584536567047
temp_plus_10K,142925.44076939876,229.86203023420865,0.3913288686506345,303.93198925124915,25820.620626514326
temp_plus_10K,143460.90397272917,229.8383866666909,0.391157587469535,303.91635765411354,25806.66442749808
temp_plus_10K,143996.58954913085,229.8147458079125,0.3909863832606631,303.90072704392435,25792.715935151216
temp_plus_10K,144532.49906041732,229.7911076574995,0.3908152559882971,303.8850974205865,25778.77514510916
temp_plus_10K,145068.63406786014,229.76747221507847,0.3906442056167352,303.86946878400533,25764.842053010063
temp_plus_10K,145604.996132189,229.74383948027568,0.3904732321102901,303.85384113408605,25750.916654494464
temp_plus_10K,146141.58681359197,229.72020945271765,0.3903023354332935,303.8382144707338,25736.99894520552
temp_plus_10K,146678.40767171557,229.69658213203084,0.3901315155500927,303.82258879385387,25723.08892078886
temp_plus_10K,147215.46026566497,229.6729575178419,0.3899607724250539,303.8069641033515,25709.18657689275
temp_plus_10K,147752.74615400418,229.64933560977747,0.3897901060225595,303.791340399132,25695.29190916793
temp_plus_10K,148290.2668947562,229.62571640746424,0.389619516307009,303.7757176811005,25681.40491326766
temp_plus_10K,148828.02404540314,229.60209991052915,0.3894490032428199,303.7600959491624,25667.52558484783
temp_plus_10K,149366.01916288643,229.5784861185989,0.3892785667944257,303.744475203223,25653.65391956673
temp_plus_10K,149904.25380360696,229.55487503130053,0.3891082069262783,303.7288554431876,25639.78991308531
temp_plus_10K,150442.72952342525,229.53126664826087,0.3889379236028453,303.7132366689615,25625.93356106692
temp_plus_10K,150981.44787766162,229.50766096910723,0.3887677167886129,303.69761888045014,25612.08485917757
temp_plus_10K,151520.4104210963,229.48405799346665,0.3885975864480839,303.6820020775588,25598.24380308576
temp_plus_10K,152059.6187079697,229.46045772096625,0.3884275325457775,303.6663862601929,25584.410388462416
temp_plus_10K,152599.0742919824,229.43686015123325,0.3882575550462304,303.6507714282579,25570.58461098108
temp_plus_10K,153138.7787262955,229.41326528389504,0.3880876539139967,303.635157581659,25556.7664663178
temp_plus_10K,153678.7335635307,229.38967311857903,0.3879178291136481,303.6195447203018,25542.955950151198
temp_plus_10K,154218.94035577038,229.3660836549128,0.3877480806097726,303.6039328440918,25529.15305816236
temp_plus_10K,154759.40065455792,229.34249689252368,0.3875784083669749,303.58832195293434,25515.35778603483
temp_plus_10K,155300.1160108977,229.3189128310393,0.3874088123498773,303.57271204673486,25501.57012945477
temp_plus_10K,155841.0879752555,229.2953314700875,0.3872392925231199,303.5571031253989,25487.79008411085
temp_plus_10K,156382.31809755828,229.2717528092959,0.387069848851359,303.541495188832,25474.017645694235
temp_plus_10K,156923.8079271947,229.2481768482922,0.3869004812992672,303.52588823693964,25460.252809898524
temp_plus_10K,157465.5590130151,229.2246035867043,0.3867311898315353,303.51028226962734,25446.49557241992
temp_plus_10K,158007.57290333175,229.20103302416024,0.3865619744128713,303.49467728680065,25432.74592895714
temp_plus_10K,158549.85114591892,229.17746516028788,0.3863928350079991,303.4790732883651,25419.00387521134
temp_plus_10K,159092.39528801313,229.1538999947153,0.3862237715816597,303.46347027422627,25405.269406886186
temp_plus_10K,159635.20687631323,229.1303375270707,0.3860547840986133,303.4478682442899,25391.54251968801
temp_plus_10K,160178.2874569806,229.1067777569822,0.3858858725236339,303.4322671984613,25377.8232093254
temp_plus_10K,160721.6385756393,229.08322068407816,0.3857170368215146,303.4166671366464,25364.11147150962
temp_plus_10K,161265.26177737635,229.0596663079868,0.3855482769570645,303.40106805875064,25350.407301954358
temp_plus_10K,161809.15860674164,229.03611462833652,0.3853795928951105,303.38546996467977,25336.71069637585
temp_plus_10K,162353.33060774827,229.01256564475588,0.3852109846004956,303.3698728543394,25323.021650492785
temp_plus_10K,162897.77932387273,228.9890193568733,0.3850424520380804,303.35427672763524,25309.340160026382
temp_plus_10K,163442.50629805494,228.96547576431757,0.3848739951727422,303.338681584473,25295.66622070035
temp_plus_10K,163987.51307269852,228.94193486671705,0.3847056139693743,303.32308742475834,25281.9998282408
temp_plus_10K,164532.80118967086,228.91839666370063,0.3845373083928886,303.307494248397,25268.34097837648
temp_plus_10K,165078.37219030334,228.89486115489703,0.3843690784082125,303.2919020552947,25254.6896668385
temp_plus_10K,165624.2276153915,228.8713283399352,0.3842009239802914,303.2763108453572,25241.04588936057
temp_plus_10K,166170.36900519513,228.8477982184439,0.3840328450740866,303.2607206184903,25227.409641678783
temp_plus_10K,166716.7978994385,228.82427079005228,0.3838648416545773,303.24513137459985,25213.780919531822
temp_plus_10K,167263.51583731052,228.8007460543893,0.3836969136867583,303.2295431135915,25200.159718660736
temp_plus_10K,167810.52435746486,228.7772240110842,0.3835290611356432,303.2139558353712,25186.5460348092
temp_plus_10K,168357.82499802008,228.7537046597661,0.3833612839662608,303.1983695398447,25172.93986372326
temp_plus_10K,168905.41929655988,228.7301880000642,0.3831935821436565,303.1827842269178,25159.34120115141
temp_plus_10K,169453.30879013322,228.7066740316079,0.3830259556328942,303.1671998964965,25145.75004284476
temp_plus_10K,170001.49501525448,228.68316275402657,0.3828584043990534,303.15161654848663,25132.166384556785
temp_plus_10K,170549.97950790357,228.65965416694965,0.3826909284072307,303.136034182794,25118.590222043465
temp_plus_10K,171098.76380352618,228.63614827000657,0.382523527622539,303.12045279932454,25105.021551063204
temp_plus_10K,171647.84943703387,228.61264506282708,0.3823562020101096,303.10487239798425,25091.46036737703
temp_plus_10K,172197.23794280426,228.5891445450407,0.3821889515350887,303.089292978679,25077.906666748248
temp_plus_10K,172746.9308546812,228.5656467162772,0.3820217761626405,303.0737145413147,25064.36044494277
temp_plus_10K,173296.9297059749,228.5421515761664,0.3818546758579457,303.0581370857974,25050.821697728923
temp_plus_10K,173847.2360294621,228.5186591243381,0.3816876505862018,303.04256061203307,25037.29042087752
temp_plus_10K,174397.85135738624,228.49516936042212,0.3815207003126226,303.02698511992764,25023.76661016178
temp_plus_10K,174948.77722145765,228.47168228404863,0.3813538250024394,303.0114106093872,25010.250261357465
temp_plus_10K,175500.01515285356,228.4481978948475,0.3811870246208989,302.9958370803176,24996.74137024269
temp_plus_10K,176051.56668221852,228.42471619244893,0.3810202991332666,302.9802645326251,24983.239932598164
temp_plus_10K,176603.43333966428,228.4012371764831,0.3808536485048234,302.9646929662156,24969.74594420699
temp_plus_10K,177155.61665477016,228.37776084658032,0.3806870727008673,302.9491223809953,24956.25940085473
temp_plus_10K,177708.1181565831,228.3542872023708,0.3805205716867132,302.93355277687016,24942.780298329424
temp_plus_10K,178260.9393736179,228.3308162434849,0.3803541454276912,302.91798415374626,24929.308632421456
temp_plus_10K,178814.08183385723,228.30734796955315,0.3801877938891502,302.90241651152985,24915.844398923808
temp_plus_10K,179367.54706475194,228.28388238020597,0.3800215170364545,302.88684985012696,24902.38759363181
temp_plus_10K,179921.3365932212,228.26041947507392,0.3798553148349856,302.8712841694437,24888.93821234332
temp_plus_10K,180475.45194565257,228.23695925378777,0.3796891872501421,302.85571946938643,24875.496250858632
temp_plus_10K,181029.89464790223,228.21350171597803,0.3795231342473374,302.840155749861,24862.06170498037
temp_plus_10K,181584.6662252951,228.1900468612758,0.379357155792005,302.824593010774,24848.63457051385
temp_plus_10K,182139.7682026251,228.16659468931152,0.3791912518495905,302.8090312520312,24835.2148432665
temp_plus_10K,182695.20210415515,228.14314519971632,0.37902542238556,302.7934704735391,24821.802519048462
temp_plus_10K,183250.96945361744,228.1196983921211,0.3788596673653941,302.7779106752038,24808.3975936722
temp_plus_10K,183807.07177421355,228.09625426615693,0.3786939867545913,302.7623518569317,24795.00006295265
temp_plus_10K,184363.51058861465,228.07281282145493,0.3785283805186659,302.74679401862886,24781.609922707183
temp_plus_10K,184920.2874189615,228.04937405764616,0.3783628486231487,302.73123716020166,24768.22716875556
temp_plus_10K,185477.4037868649,228.025937974362,0.3781973910335884,302.71568128155644,24754.85179692009
temp_plus_10K,186034.86121340565,228.00250457123363,0.3780320077155481,302.7001263825994,24741.48380302535
temp_plus_10K,186592.66121913464,227.9790738478925,0.3778666986346096,302.684572463237,24728.123182898504
temp_plus_10K,187150.8053240732,227.95564580397,0.3777014637563701,302.6690195233754,24714.769932369072
temp_plus_10K,187709.2950477131,227.93222043909745,0.3775363030464429,302.65346756292104,24701.424047268934
temp_plus_10K,188268.13190901684,227.90879775290668,0.3773712164704598,302.6379165817803,24688.085523432583
temp_plus_10K,188827.3174264177,227.8853777450292,0.3772062039940674,302.62236657985954,24674.75435669679
temp_plus_10K,189386.85311781996,227.86196041509675,0.3770412655829295,302.60681755706514,24661.430542900795
temp_plus_10K,189946.740500599,227.83854576274103,0.3768764012027262,302.5912695133036,24648.114077886243
temp_plus_10K,190506.9810916016,227.8151337875938,0.3767116108191538,302.5757224484812,24634.804957497185
temp_plus_10K,191067.57640714588,227.791724489287,0.3765468943979258,302.5601763625044,24621.503177580133
temp_plus_10K,191628.52796302165,227.76831786745265,0.3763822519047724,302.54463125527974,24608.208733984047
temp_plus_10K,192189.83727449045,227.74491392172277,0.3762176833054401,302.5290871267137,24594.92162256028
temp_plus_10K,192751.50585628577,227.72151265172923,0.37605318856569,302.5135439767126,24581.64183916245
temp_plus_10K,193313.5352226132,227.69811405710445,0.3758887676513034,302.4980018051831,24568.36937964689
temp_plus_10K,193875.9268871505,227.67471813748057,0.375724420528075,302.48246061203173,24555.104239872097
temp_plus_10K,194438.68236304796,227.6513248924898,0.3755601471618172,302.46692039716487,24541.84641569907
temp_plus_10K,195001.8031629283,227.6279343217645,0.3753959475183582,302.4513811604892,24528.5959029912
temp_plus_10K,195565.29079888703,227.6045464249371,0.3752318215635431,302.43584290191114,24515.352697614257
temp_plus_10K,196129.1467824926,227.58116120164016,0.3750677692632344,302.42030562133743,24502.116795436566
temp_plus_10K,196693.37262478637,227.557778651506,0.3749037905833082,302.4047693186745,24488.88819232859
temp_plus_10K,197257.9698362829,227.53439877416744,0.3747398854896606,302.389233993829,24475.66688416349
temp_plus_10K,197822.9399269701,227.511021569257,0.3745760539482012,302.3736996467076,24462.4528668166
temp_plus_10K,198388.2844063096,227.48764703640745,0.3744122959248577,302.35816627721675,24449.246136165777
temp_plus_10K,198954.00478323636,227.4642751752517,0.3742486113855738,302.3426338852633,24436.046688091275
temp_plus_10K,199520.10256615933,227.4409059854226,0.3740850002963096,302.327102470754,24422.854518475728
temp_plus_10K,200086.5792629615,227.4175394665529,0.3739214626230407,302.3115720335952,24409.66962320408
temp_plus_10K,200653.43638099983,227.3941756182759,0.3737579983317612,302.2960425736939,24396.491998163867
temp_plus_10K,200668.4424734373,227.39355736994236,0.373753673523001,302.2956316261595,24396.143373381663
