scenario,distance_m,fuel_flow_kgs,fuel_per_meter_kgpm,height_m,temperature_k,density_kgm3
standard_isa,0.0,15.8079727643133,0.0590952252871525,9499.999999999996,226.4,0.4388991225937826
standard_isa,0.0999998582307186,15.807971385804658,0.0590952245580141,9500.000667546845,226.3999956609455,0.4388990867941889
standard_isa,1.099998028782842,15.807957600548152,0.0590952172656577,9500.007343014368,226.3999522704066,0.4388987287984239
standard_isa,11.09993856086958,15.80781974963358,0.0590951443145725,9500.074097598532,226.39951836560957,0.4388951488579464
standard_isa,111.09522860631424,15.806493292638434,0.05909460604504,9500.74163537622,226.39517937005456,0.4388593511142444
standard_isa,1110.638667622604,15.793267147159083,0.0590890324721574,9507.416230696555,226.3517945004724,0.438501538451891
standard_isa,2446.3789838940447,15.775595006960852,0.0590806928889226,9516.34129118031,226.293781607328,0.4380234313295003
standard_isa,3780.8244780155856,15.75794327587427,0.0590713390632724,9525.263808401667,226.23578524538917,0.4375458591834497
standard_isa,5113.999398937633,15.740311929532384,0.0590609693963277,9534.183783231132,226.1778054089976,0.4370688213959184
standard_isa,6445.927975073471,15.722700943428196,0.0590495823922667,9543.101216538762,226.11984209249803,0.4365923173498311
standard_isa,7776.63441431445,15.705110293085086,0.0590371766595709,9552.01610919428,226.0618952902372,0.4361163464288491
standard_isa,9106.142904045148,15.687539954253202,0.0590237509123453,9560.928462067048,226.00396499656415,0.4356409080173724
standard_isa,10434.477611158534,15.669989902487572,0.0590093039692883,9569.83827602593,225.94605120583145,0.4351660015005448
standard_isa,11761.662682071124,15.65246011340142,0.0589938347551748,9578.745551939575,225.88815391239277,0.4346916262642387
standard_isa,13087.722242738098,15.63495056277794,0.0589773423017798,9587.650290676102,225.83027311060533,0.4342177816950714
standard_isa,14412.68039866845,15.61746122640141,0.0589598257477218,9596.552493103303,225.7724087948285,0.4337444671803912
standard_isa,15736.561234940076,15.59999207986338,0.0589412843381798,9605.452160088604,225.7145609594241,0.4332716821082817
standard_isa,17059.388816214894,15.582543099174286,0.0589217174276254,9614.349292498984,225.65672959875656,0.432799425867562
standard_isa,18381.18718675392,15.565114259985362,0.0589011244772806,9623.24389120115,225.5989147071925,0.4323276978477793
standard_isa,19701.98037043234,15.547705538199647,0.0588795050577927,9632.135957061306,225.5411162791015,0.4318564974392183
standard_isa,21021.792370754603,15.530316909694172,0.0588568588485259,9641.025490945363,225.4833343088551,0.4313858240328899
standard_isa,22340.647170869444,15.5129483504031,0.0588331856381867,9649.9124937188,225.42556879082775,0.4309156770205389
standard_isa,23658.568733584947,15.495599836317233,0.0588084853251067,9658.7969662467,225.36781971939644,0.4304460557946377
standard_isa,24975.58100138356,15.47827134323788,0.0587827579165624,9667.678909393802,225.31008708894024,0.4299769597483864
standard_isa,26291.70789643713,15.460962847433278,0.0587560035314942,9676.558324024478,225.2523708938409,0.429508388275711
standard_isa,27606.9733206219,15.443674324763755,0.058728222397381,9685.435211002665,225.19467112848267,0.4290403407712675
standard_isa,28921.40115553349,15.426405751310291,0.0586994148527964,9694.309571191952,225.13698778725228,0.4285728166304338
standard_isa,30235.01526250192,15.409157103129,0.0586695813466138,9703.18140545554,225.07932086453897,0.4281058152493151
standard_isa,31547.83948260653,15.391928356494606,0.0586387224390445,9712.050714656243,225.0216703547344,0.4276393360247389
standard_isa,32859.897636691014,15.374719487413124,0.0586068387998613,9720.917499656549,224.9640362522324,0.4271733783542523
standard_isa,34171.21352537827,15.357530472163344,0.0585739312105121,9729.781761318469,224.90641855142997,0.4267079416361309
standard_isa,35481.810929085426,15.340361286864406,0.0585400005624926,9738.643500503662,224.84881724672616,0.4262430252693683
standard_isa,36791.71360803872,15.323211907825913,0.0585050478586738,9747.502718073483,224.79123233252236,0.4257786286536742
standard_isa,38100.94530228843,15.306082311359436,0.0584690742125442,9756.359414888804,224.73366380322275,0.425314751189484
standard_isa,39409.52973172377,15.288972473645188,0.0584320808476325,9765.213591810185,224.67611165323376,0.4248513922779461
standard_isa,40717.49059608777,15.271882371185963,0.0583940690991439,9774.0652496978,224.6185758769643,0.4243885513209284
standard_isa,42024.85157499219,15.25481198022021,0.0583550404115896,9782.914389411411,224.5610564688258,0.4239262277210151
standard_isa,43331.63632793235,15.237761277201612,0.0583149963404629,9791.761011810451,224.50355342323203,0.4234644208815043
standard_isa,44637.868494302,15.220730238453797,0.0582739385507305,9800.60511775393,224.44606673459944,0.4230031302064116
standard_isa,45943.57169340817,15.203718840540938,0.0582318688180346,9809.446708100448,224.38859639734707,0.4225423551004661
standard_isa,47248.76952448601,15.186727059897128,0.0581887890270275,9818.285783708316,224.33114240589592,0.4220820949691068
standard_isa,48553.48556671359,15.16975487295945,0.058144701171604,9827.1223454354,224.2737047546699,0.4216223492184877
standard_isa,49857.74337922671,15.152802256456146,0.0580996073557007,9835.956394139224,224.21628343809505,0.4211631172554717
standard_isa,51161.56650113375,15.1358691867767,0.0580535097905461,9844.787930676946,224.15887845059984,0.4207043984876311
standard_isa,52464.97845153037,15.11895564070585,0.05800641079711,9853.616955905272,224.10148978661573,0.4202461923232516
standard_isa,53768.00272951437,15.102061594613076,0.057958312802601,9862.443470680628,224.04411744057592,0.4197884981713225
standard_isa,55070.66281420039,15.085187025417747,0.0579092183437466,9871.267475858982,223.9867614069166,0.4193313154415443
standard_isa,56372.98216473471,15.06833190952175,0.0578591300622453,9880.088972295962,223.92942168007625,0.4188746435443228
standard_isa,57674.984220309976,15.051496223977871,0.0578080507087707,9888.907960846813,223.8720982544957,0.4184184818907689
standard_isa,58976.69240017991,15.034679945245909,0.0577559831376871,9897.72444236639,223.81479112461844,0.4179628298926999
standard_isa,60278.13010367404,15.01788305025356,0.0577029303105852,9906.53841770926,223.75750028488977,0.4175076869626326
standard_isa,61579.32071021244,15.001105515750517,0.0576488952932362,9915.349887729477,223.7002257297584,0.4170530525137935
standard_isa,62880.28757932036,14.98434731859186,0.0575938812560867,9924.158853280842,223.6429674536745,0.416598925960104
standard_isa,64181.054050642975,14.96760843560991,0.0575378914731447,9932.96531521668,223.58572545109155,0.4161453067161947
standard_isa,65481.64344396003,14.950888843716331,0.0574809293217239,9941.769274389995,223.528499716465,0.4156921941973913
standard_isa,66782.07905920049,14.934188519876288,0.0574229982816679,9950.570731653414,223.4712902442528,0.4152395878197202
standard_isa,68082.38417645721,14.917507440828984,0.0573641019335732,9959.369687859184,223.4140970289153,0.4147874869999067
standard_isa,69382.58205600157,14.900845583925964,0.0573042439612833,9968.16614385914,223.3569200649156,0.4143358911553753
standard_isa,70682.69593829809,14.884202925810902,0.057243428146056,9976.960100504835,223.29975934671853,0.4138847997042436
standard_isa,71982.74904401904,14.867579443713383,0.0571816583707572,9985.751558647353,223.2426148687922,0.4134342120653305
standard_isa,73282.76457405911,14.850975114587465,0.057118938615741,9994.54051913743,223.1854866256067,0.4129841276581466
standard_isa,74582.76570954992,14.834389915616867,0.0570552729599596,10003.32698282547,223.12837461163443,0.4125345459028969
standard_isa,75882.77561187463,14.817823823937388,0.0569906655790385,10012.11095056147,223.07127882135043,0.4120854662204804
standard_isa,77182.81742268254,14.80127681656277,0.0569251207441091,10020.892423195048,223.01419924923212,0.4116368880324896
standard_isa,78482.9142639036,14.784748870834996,0.0568586428226344,10029.671401575426,222.9571358897597,0.41118881076121
standard_isa,79783.08923776302,14.76823996377405,0.0567912362749781,10038.44788655156,222.90008873741485,0.4107412338296116
standard_isa,81083.36542679575,14.751750072801896,0.0567229056562352,10047.221878971864,222.8430577866829,0.4102941566613638
standard_isa,82383.76589386103,14.735279175069294,0.0566536556126669,10055.993379684543,222.78604303205043,0.4098475786808165
standard_isa,83684.31368215689,14.718827247879334,0.0565834908823303,10064.762389537347,222.7290444680072,0.4094014993130127
standard_isa,84985.03181523472,14.702394268612007,0.0565124162937667,10073.52890937768,222.67206208904503,0.4089559179836811
standard_isa,86285.94329701364,14.685980214551522,0.0564404367642956,10082.29294005254,222.61509588965848,0.4085108341192381
standard_isa,87587.0711117951,14.669585063083897,0.0563675572997093,10091.054482408565,222.55814586434437,0.4080662471467862
standard_isa,88888.43822427728,14.653208791598129,0.056293782992809,10099.813537292044,222.50121200760168,0.40762215649411
standard_isa,90190.06757956956,14.636851377584208,0.0562191190226753,10108.570105548915,222.44429431393203,0.4071785615896801
standard_isa,91491.98210320702,14.620512798388596,0.0561435706526047,10117.32418802469,222.3873927778395,0.4067354618626503
standard_isa,92794.20470116477,14.604193031726716,0.0560671432309329,10126.075785564524,222.33050739383057,0.4062928567428566
standard_isa,94096.75825987248,14.587892054926929,0.0559898421869682,10134.824899013209,222.2736381564141,0.4058507456608167
standard_isa,95399.66564622874,14.571609845516123,0.0559116730320595,10143.571529215194,222.2167850601012,0.4054091280477273
standard_isa,96702.94970761548,14.55534638114546,0.0558326413581104,10152.315677014518,222.1599480994056,0.404968003335466
standard_isa,98006.63327191232,14.539101639396248,0.0557527528356181,10161.057343254875,222.10312726884328,0.4045273709565893
standard_isa,99310.73914751108,14.52287559792553,0.0556720132129982,10169.796528779543,222.04632256293291,0.4040872303443336
standard_isa,100615.29012332992,14.506668234321232,0.0555904283147793,10178.533234431514,221.98953397619516,0.4036475809326076
standard_isa,101920.30896882796,14.490479526366816,0.0555080040413521,10187.267461053349,221.93276150315324,0.4032084221560008
standard_isa,103225.81843401946,14.474309451681089,0.0554247463663081,10195.999209487192,221.87600513833323,0.4027697534497786
standard_isa,104531.84124948812,14.45815798805356,0.0553406613364288,10204.728480575002,221.81926487626248,0.4023315742498744
standard_isa,105838.40012640164,14.44202511325318,0.055255755069644,10213.45527515818,221.7625407114718,0.4018938839929026
standard_isa,107145.5177565257,14.425910805075937,0.0551700337538902,10222.17959407781,221.7058326384942,0.4014566821161495
standard_isa,108453.2168122386,14.40981504132109,0.0550835036456839,10230.901438174677,221.6491406518646,0.40101996805757
standard_isa,109761.51994654526,14.393737799862524,0.0549961710690459,10239.6208082891,221.59246474612084,0.4005837412557937
standard_isa,111070.44979309171,14.377679058530193,0.0549080424136871,10248.337705261089,221.53580491580288,0.4001480011501194
standard_isa,112380.0289661793,14.36163879534594,0.054819124134538,10257.052129930307,221.47916115545297,0.3997127471805139
standard_isa,113690.28006077888,14.34561698805264,0.0547294227485677,10265.764083135997,221.422533459616,0.3992779787876153
standard_isa,115001.22565254512,14.329613614866572,0.054638944836263,10274.473565717028,221.3659218228393,0.39884369541273
standard_isa,116312.88829783078,14.313628653561327,0.0545476970367302,10283.18057851195,221.30932623967232,0.3984098964978292
standard_isa,117625.29053370084,14.29766208224226,0.054455686049238,10291.88512235894,221.2527467046669,0.3979765814855508
standard_isa,118938.4548779468,14.281713878994273,0.0543629186304538,10300.58719809577,221.19618321237743,0.3975437498192
standard_isa,120252.40382910083,14.265784021766176,0.054269401592576,10309.286806559878,221.1396357573608,0.3971114009427452
standard_isa,121567.15986645,14.249872488742954,0.0541751418033162,10317.983948588331,221.08310433417583,0.3966795343008183
standard_isa,122882.7454500504,14.233979258112438,0.0540801461835677,10326.678625017828,221.0265889373841,0.396248149338715
standard_isa,124199.18302074146,14.218104307857995,0.0539844217051707,10335.37083668472,220.9700895615493,0.3958172455023911
standard_isa,125516.49500015988,14.202247616267218,0.0538879753913916,10344.060584424951,220.9136062012378,0.3953868222384679
standard_isa,126834.70379075402,14.1864091615615,0.0537908143140554,10352.747869074095,220.8571388510184,0.3949568789942247
standard_isa,128153.83177579782,14.170588921965647,0.0536929455923474,10361.432691467446,220.8006875054616,0.3945274152175988
standard_isa,129473.9013194051,14.154786875708368,0.0535943763913482,10370.115052439836,220.74425215914104,0.3940984303571891
standard_isa,130794.93476654356,14.139003001113394,0.0534951139209075,10378.79495282581,220.68783280663223,0.3936699238622506
standard_isa,132116.95444304898,14.123237276416978,0.0533951654334801,10387.472393459497,220.63142944251325,0.3932418951826961
standard_isa,133439.98265563924,14.107489680109412,0.0532945382239414,10396.147375174643,220.5750420613648,0.3928143437690971
standard_isa,134764.04169192843,14.091760190411636,0.0531932396261312,10404.819898804695,220.51867065776943,0.392387269072677
standard_isa,136089.15382044096,14.076048785820776,0.0530912770134363,10413.489965182718,220.4623152263123,0.3919606705453149
standard_isa,137415.3412906255,14.060355444701631,0.0529886577957687,10422.15757514138,220.405975761581,0.3915345476395455
standard_isa,138742.62633286923,14.044680145625716,0.0528853894193651,10430.822729512993,220.34965225816552,0.391108899808556
standard_isa,140071.03115851167,14.029022866853024,0.0527814793633545,10439.485429129556,220.29334471065783,0.390683726506184
standard_isa,141400.57795985887,14.013383587097277,0.0526769351411639,10448.145674822596,220.2370531136531,0.3902590271869233
standard_isa,142731.28891019733,13.99776228473879,0.0525717642960765,10456.80346742344,220.1807774617476,0.3898348013059112
standard_isa,144063.18616380804,13.982158938497642,0.0524659744022913,10465.458807762909,220.12451774954107,0.3894110483189404
standard_isa,145396.29185598053,13.96657352678486,0.0523595730610124,10474.111696671534,220.068273971635,0.3889877676824511
standard_isa,146730.62810302674,13.951006028283215,0.0522525679011617,10482.762134979455,220.0120461226335,0.3885649588535319
standard_isa,148066.21700229513,13.935456421700827,0.0521449665769873,10491.410123516493,219.9558341971428,0.3881426212899175
standard_isa,149403.08063218452,13.91992468561664,0.052036776766025,10500.055663112023,219.89963818977185,0.3877207544499916
standard_isa,150741.24105215812,13.9044107987244,0.0519280061685554,10508.698754595143,219.84345809513155,0.3872993577927822
standard_isa,152080.72030275746,13.888914739743829,0.0518186625058194,10517.339398794536,219.7872939078355,0.3868784307779633
standard_isa,153421.54040561634,13.873436487464344,0.051708753518735,10525.97759653856,219.73114562249933,0.3864579728658512
standard_isa,154763.72336347468,13.857976020679,0.051598286966211,10534.613348655184,219.67501323374128,0.3860379835174082
standard_isa,156107.29116019252,13.842533318075324,0.051487270623307,10543.246655972034,219.6188967361817,0.385618462194237
standard_isa,157452.26576076384,13.827108358585589,0.0513757122811108,10551.877519316417,219.56279612444328,0.3851994083585821
standard_isa,158798.66911133056,13.8117011210365,0.0512636197440157,10560.505939515166,219.50671139315145,0.384780821473332
standard_isa,160146.52313919627,13.796311584215433,0.0511510008285552,10569.131917394854,219.45064253693343,0.3843627010020117
standard_isa,161495.84975284024,13.780939727152788,0.0510378633630479,10577.75545378169,219.394589550419,0.3839450464087865
standard_isa,162846.67084193116,13.765585528709192,0.050924215184671,10586.37654950146,219.3385524282405,0.3835278571584631
standard_isa,164199.00827734108,13.75024896781454,0.0508100641389617,10594.995205379591,219.28253116503265,0.383111132716485
standard_isa,165552.8839111592,13.73493002353195,0.0506954180786756,10603.611422241273,219.2265257554317,0.3826948725489286
standard_isa,166908.31957670572,13.7196286748208,0.0505802848615452,10612.22520091119,219.17053619407724,0.3822790761225113
standard_isa,168265.3370885456,13.704344900709158,0.0504646723495609,10620.836542213732,219.11456247561077,0.3818637429045853
standard_isa,169623.95824250244,13.689078680207928,0.0503485884073086,10629.445446972932,219.05860459467596,0.3814488723631358
standard_isa,170984.20481567222,13.673829992503054,0.0502320409013416,10638.051916012471,219.00266254591887,0.381034463966782
standard_isa,172346.09856643708,13.658598816698744,0.0501150376979126,10646.65595015567,218.94673632398812,0.3806205171847766
standard_isa,173709.66123447916,13.643385131882184,0.0499975866619009,10655.257550225462,218.8908259235345,0.3802070314870051
standard_isa,175074.91454079427,13.628188917208805,0.049879695655826,10663.85671704443,218.8349313392112,0.3797940063439861
standard_isa,176441.8801877057,13.613010151901497,0.0497613725385556,10672.453451434852,218.77905256567345,0.3793814412268635
standard_isa,177810.579858878,13.597848815187335,0.0496426251638002,10681.047754218547,218.72318959757945,0.3789693356074184
standard_isa,179181.03521933054,13.582704886234152,0.0495234613786185,10689.639626217097,218.66734242958887,0.3785576889580551
standard_isa,180553.2679154515,13.567578344424684,0.0494038890231712,10698.22906825165,218.61151105636424,0.3781465007518082
standard_isa,181927.29957501128,13.552469168956405,0.0492839159280247,10706.81608114302,218.55569547257036,0.3777357704623409
standard_isa,183303.1518071764,13.53737733919907,0.0491635499142343,10715.400665711652,218.49989567287423,0.3773254975639427
standard_isa,184680.8462025232,13.52230283450539,0.0490427987914464,10723.982822777643,218.4441116519453,0.3769156815315287
standard_isa,186060.40433305135,13.50724563423234,0.0489216703567841,10732.56255316073,218.38834340445524,0.3765063218406402
standard_isa,187441.8477521977,13.4922057176997,0.0488001723935191,10741.13985768033,218.33259092507785,0.3760974179674403
standard_isa,188825.19799484976,13.477183064398051,0.0486783126706623,10749.714737155437,218.27685420848965,0.3756889693887194
standard_isa,190210.4765773595,13.462177653842303,0.0485560989412826,10758.28719240472,218.2211332493693,0.3752809755818898
standard_isa,191597.70499755692,13.44718946540673,0.0484335389407798,10766.857224246534,218.1654280423975,0.3748734360249835
standard_isa,192986.90473476372,13.43221847861492,0.0483106403868147,10775.424833498832,218.1097385822576,0.3744663501966562
standard_isa,194378.09724980683,13.417264672953506,0.0481874109775349,10783.99002097922,218.05406486363503,0.3740597175761843
standard_isa,195771.303985032,13.402328028057289,0.0480638583911547,10792.552787504928,217.998406881218,0.3736535376434638
standard_isa,197166.5463643176,13.387408523441964,0.0479399902839241,10801.113133892884,217.94276462969623,0.3732478098790089
standard_isa,198563.84579308788,13.372506138709811,0.0478158142898155,10809.67106095962,217.88713810376245,0.3728425337639528
standard_isa,199963.22365832687,13.357620853508148,0.0476913380193359,10818.226569521346,217.8315272981112,0.3724377087800454
standard_isa,200668.44247343732,13.350134290451036,0.047628567326071,10822.532367970289,217.8035396081931,0.3722340965595405
temp_plus_10K,0.0,15.585241435921793,0.0582625848071842,9499.999999999996,236.4,0.4203331698613891
temp_plus_10K,0.0999998583197805,15.585240096870155,0.0582625840594335,9500.000651664115,236.39999576418325,0.420333136059233
temp_plus_10K,1.0999980395592233,15.585226706921173,0.0582625765837307,9500.007168304448,236.39995340602107,0.4203327980378313
temp_plus_10K,11.099939658092143,15.58509280875071,0.0582625017999393,9500.072334620352,236.3995298249677,0.4203294178397899
temp_plus_10K,111.0953384283412,15.583803748543946,0.0582619374363932,9500.723990027893,236.3952940648187,0.4202956174053458
temp_plus_10K,1110.6495538443703,15.57095135191292,0.0582561219228304,9507.239792232249,236.3529413504904,0.4199577664059165
temp_plus_10K,2446.4312176537587,15.553778341631537,0.0582475123239238,9515.952553531828,236.2963084020431,0.4195063255873031
temp_plus_10K,3780.947840360189,15.536624872266984,0.0582379499590895,9524.662870973983,236.23969133866908,0.4190553826484835
temp_plus_10K,5114.222534484659,15.519490920724358,0.0582274333930351,9533.370745381326,236.18309015502135,0.4186049370229388
temp_plus_10K,6446.278393281929,15.502376463964389,0.0582159612834696,9542.076177576097,236.12650484575536,0.4181549881448185
temp_plus_10K,7777.138490754529,15.485281479030895,0.0582035323817318,9550.779168380152,236.069935405529,0.4177055354489434
temp_plus_10K,9106.82588166676,15.468205942884303,0.0581901455326693,9559.479718615015,236.0133818290024,0.4172565783707991
temp_plus_10K,10435.363601558694,15.451149832457904,0.0581757996753301,9568.177829101853,235.95684411083795,0.4168081163465404
temp_plus_10K,11762.774666760142,15.434113124878705,0.0581604938442535,9576.873500661432,235.90032224570064,0.4163601488129873
temp_plus_10K,13089.082074404634,15.417095797273207,0.0581442271691774,9585.566734114233,235.84381622825748,0.4159126752076241
temp_plus_10K,14414.30880244337,15.400097826740414,0.0581269988753507,9594.25753028033,235.78732605317785,0.4154656949686
temp_plus_10K,15738.477809659167,15.383119190270431,0.0581088082836157,9602.945889979435,235.73085171513364,0.4150192075347295
temp_plus_10K,17061.612035680413,15.366159865209385,0.0580896548125327,9611.631814030974,235.67439320879865,0.4145732123454854
temp_plus_10K,18383.73440099496,15.34921982876622,0.0580695379768635,9620.31530325394,235.61795052884932,0.4141277088410062
temp_plus_10K,19704.86780696407,15.332299058095758,0.0580484573882045,9628.996358467008,235.56152366996443,0.4136826964620907
temp_plus_10K,21025.03513583631,15.31539753035374,0.058026412755492,9637.674980488517,235.50511262682463,0.4132381746501954
temp_plus_10K,22344.25925076145,15.29851522307578,0.0580034038867117,9646.351170136371,235.4487173941136,0.4127941428474416
temp_plus_10K,23662.56299580434,15.281652113282991,0.0579794306857602,9655.024928228211,235.3923379665166,0.4123506004966035
temp_plus_10K,24979.969195958787,15.264808178510936,0.0579544931565686,9663.696255581268,235.3359743387217,0.4119075470411173
temp_plus_10K,26296.500657161425,15.247983396052136,0.0579285914004323,9672.365153012448,235.27962650541903,0.4114649819250733
temp_plus_10K,27612.18016630556,15.23117774333427,0.0579017256176204,9681.031621338265,235.2232944613013,0.4110229045932213
temp_plus_10K,28927.030491255,15.214391197731642,0.0578738961068123,9689.695661374935,235.1669782010629,0.4105813144909619
temp_plus_10K,30241.074380857917,15.197623736833044,0.0578451032662413,9698.357273938267,235.1106777194012,0.4101402110643541
temp_plus_10K,31554.334564960634,15.18087533790698,0.0578153475917625,9707.016459843791,235.05439301101532,0.4096995937601076
temp_plus_10K,32866.83375442147,15.16414597851675,0.0577846296792683,9715.67321990658,234.9981240706072,0.4092594620255887
temp_plus_10K,34178.59464112449,15.147435636331524,0.0577529502240227,9724.327554941465,234.94187089288044,0.4088198153088112
temp_plus_10K,35489.63989799335,15.130744288729163,0.0577203100191727,9732.97946576284,234.8856334725415,0.4083806530584442
temp_plus_10K,36799.99217900504,15.114071913380036,0.0576867099579736,9741.62895318474,234.8294118042992,0.4079419747238079
temp_plus_10K,38109.67411920367,15.097418487954329,0.0576521510326501,9750.27601802092,234.773205882864,0.4075037797548681
temp_plus_10K,39418.7083347142,15.08078399001742,0.0576166343339455,9758.920661084729,234.71701570294923,0.4070660676022431
temp_plus_10K,40727.11742275622,15.064168397293322,0.0575801610520523,9767.5628831892,234.66084125927017,0.4066288377171963
temp_plus_10K,42034.92396165768,15.047571687454068,0.0575427324757069,9776.202685146976,234.60468254654464,0.4061920895516418
temp_plus_10K,43342.150510868574,15.0309938381726,0.0575043499922653,9784.840067770368,234.54853955949255,0.4057558225581382
temp_plus_10K,44648.81961097473,15.014434827253371,0.0574650150880507,9793.47503187133,234.49241229283632,0.4053200361898904
temp_plus_10K,45954.95378371146,14.997894632527144,0.0574247293477749,9802.107578261472,234.4363007413004,0.4048847299007482
temp_plus_10K,47260.57553197727,14.981373231721273,0.0573834944538388,9810.737707752076,234.3802048996115,0.4044499031452036
temp_plus_10K,48565.70733984752,14.964870602720069,0.0573413121871013,9819.36542115399,234.32412476249905,0.4040155553783967
temp_plus_10K,49870.37167258816,14.94838672338224,0.0572981844259279,9827.990719277848,234.268060324694,0.4035816860561043
temp_plus_10K,51174.59097666934,14.931921571541872,0.0572541131459156,9836.613602933789,234.2120115809304,0.4031482946347502
temp_plus_10K,52478.38767977906,14.915475125162857,0.0572091004201823,9845.234072931671,234.1559785259441,0.4027153805713966
temp_plus_10K,53781.78419083686,14.89904736220956,0.0571631484185428,9853.852130081032,234.09996115447328,0.4022829433237451
temp_plus_10K,55084.8029000074,14.882638260647187,0.0571162594071569,9862.46777519101,234.0439594612584,0.4018509823501385
temp_plus_10K,56387.4661787141,14.866247798442002,0.0570684357481528,9871.081009070407,233.98797344104236,0.4014194971095573
temp_plus_10K,57689.79637965278,14.84987595366336,0.0570196798996163,9879.6918325277,233.93200308856996,0.4009884870616196
temp_plus_10K,58991.81583680521,14.833522704279677,0.0569699944143804,9888.30024637097,233.8760483985887,0.4005579516665816
temp_plus_10K,60293.54686545275,14.81718802843865,0.0569193819406506,9896.906251407983,233.82010936584808,0.4001278903853354
temp_plus_10K,61595.01176218988,14.800871904263143,0.0568678452207457,9905.509848446134,233.7641859851001,0.3996983026794084
temp_plus_10K,62896.23280493783,14.784574309826462,0.0568153870905033,9914.111038292507,233.7082782510987,0.3992691880109619
temp_plus_10K,64197.23225295807,14.768295223354666,0.0567620104795346,9922.709821753817,233.65238615860017,0.3988405458427911
temp_plus_10K,65498.032346865926,14.752034622999068,0.0567077184098029,9931.306199636394,233.59650970236345,0.3984123756383271
temp_plus_10K,66798.65530864407,14.735792487012649,0.0566525139957324,9939.900172746316,233.54064887714893,0.3979846768616286
temp_plus_10K,68099.12334165607,14.719568793549277,0.0565964004428425,9948.491741889193,233.4848036777202,0.3975574489773905
temp_plus_10K,69399.45863065991,14.703363520939469,0.0565393810481928,9957.080907870368,233.4289740988426,0.3971306914509361
temp_plus_10K,70699.68334182148,14.687176647489505,0.0564814591989713,9965.667671494812,233.37316013528368,0.396704403748219
temp_plus_10K,71999.81962272812,14.671008151506888,0.056422638371932,9974.25203356714,233.3173617818136,0.3962785853358234
temp_plus_10K,73299.88960240202,14.654858011300364,0.0563629221327109,9982.833994891656,233.2615790332042,0.3958532356809585
temp_plus_10K,74599.91539131381,14.638726205328924,0.0563023141356948,9991.413556272284,233.2058118842301,0.3954283542514644
temp_plus_10K,75899.91908139593,14.622612711928587,0.0562408181222432,9999.990718512625,233.15006032966792,0.3950039405158069
temp_plus_10K,77199.92274605614,14.606517509560554,0.0561784379208951,10008.565482415892,233.09432436429668,0.3945799939430791
temp_plus_10K,78499.94844019094,14.590440576564069,0.0561151774456496,10017.13784878498,233.0386039828976,0.3941565140029981
temp_plus_10K,79800.01820019903,14.574381891648809,0.0560510406970698,10025.707818422434,232.98289918025412,0.3937335001659069
temp_plus_10K,81100.15404399473,14.55834143318113,0.0559860317587281,10034.275392130436,232.92720995115212,0.3933109519027727
temp_plus_10K,82400.37797102137,14.5423191796275,0.0559201547980813,10042.840570710923,232.87153629037897,0.3928888686851796
temp_plus_10K,83700.71196226472,14.526315109651778,0.0558534140659957,10051.403354965323,232.81587819272536,0.3924672499853442
temp_plus_10K,85001.17798026638,14.510329201893764,0.0557858138950258,10059.963745694844,232.7602356529835,0.3920460952760971
temp_plus_10K,86301.79796913719,14.494361434824471,0.0557173586979704,10068.521743700298,232.7046086659481,0.3916254040308921
temp_plus_10K,87602.59385457054,14.478411787183976,0.0556480529686497,10077.077349782185,232.6489972264158,0.391205175723802
temp_plus_10K,88903.58754385581,14.462480237568135,0.0555779012793915,10085.630564740564,232.5934013291863,0.3907854098295229
temp_plus_10K,90204.80092589169,14.44656676469527,0.0555069082811138,10094.181389375311,232.53782096906045,0.390366105823363
temp_plus_10K,91506.25587119944,14.430671347285156,0.0554350787019,10102.729824485832,232.48225614084208,0.3899472631812525
temp_plus_10K,92807.97423193644,14.414793964203149,0.0553624173465751,10111.27587087121,232.4267068393371,0.3895288813797385
temp_plus_10K,94109.97784190932,14.398934594051616,0.0552889290941429,10119.819529330216,232.3711730593536,0.3891109598959827
temp_plus_10K,95412.28851658732,14.38309321567505,0.0552146188987162,10128.36080066123,232.315654795702,0.3886934982077645
temp_plus_10K,96714.92805311564,14.367269807871304,0.0551394917873819,10136.89968566237,232.26015204319455,0.3882764957934739
temp_plus_10K,98017.91823032868,14.351464349535409,0.0550635528597121,10145.436185131344,232.20466479664623,0.3878599521321182
temp_plus_10K,99321.28080876336,14.33567681956356,0.0549868072863393,10153.970299865545,232.14919305087392,0.3874438667033165
temp_plus_10K,100625.0375306724,14.319907196735157,0.0549092603074332,10162.502030661966,232.0937368006972,0.3870282389873032
temp_plus_10K,101929.21012003752,14.304155460257585,0.0548309172337052,10171.031378317344,232.03829604093724,0.3866130684649199
temp_plus_10K,103233.82028258283,14.288421588748076,0.0547517834414059,10179.55834362802,231.98287076641785,0.3861983546176223
temp_plus_10K,104538.88970578792,14.272705561346196,0.0546718643754788,10188.082927389987,231.92746097196505,0.3857840969274755
temp_plus_10K,105844.44005890108,14.257007357074382,0.054591165545984,10196.60513039894,231.8720666524069,0.3853702948771535
temp_plus_10K,107150.49299295276,14.241326954909889,0.0545096925272373,10205.12495345021,231.81668780257365,0.3849569479499382
temp_plus_10K,108457.07014076853,14.225664333878973,0.054427450957023,10213.64239733878,231.7613244172979,0.3845440556297211
temp_plus_10K,109764.19311698237,14.210019473173285,0.0543444465358779,10222.157462859275,231.70597649141467,0.3841316174010009
temp_plus_10K,111071.88351804989,14.19439235184562,0.0542606850247568,10230.670150806029,231.6506440197608,0.3837196327488809
temp_plus_10K,112380.16292226149,14.178782949020844,0.0541761722446579,10239.180461972992,231.59532699717556,0.3833081011590719
temp_plus_10K,113689.05288975552,14.163191243779384,0.0540909140749854,10247.688397153794,231.5400254185003,0.3828970221178883
temp_plus_10K,114998.57496253152,14.14761721545867,0.0540049164535009,10256.193957141666,231.4847392785792,0.3824863951122523
temp_plus_10K,116308.75066446324,14.13206084316576,0.0539181853732499,10264.697142729634,231.42946857225732,0.3820762196296821
temp_plus_10K,117619.60150131192,14.116522106102918,0.0538307268825884,10273.197954710224,231.37421329438357,0.3816664951583073
temp_plus_10K,118931.14896073929,14.101000983750083,0.05374254708465,10281.6963938757,231.31897343980796,0.3812572211868546
temp_plus_10K,120243.41451232076,14.085497455105928,0.0536536521332176,10290.19246101804,231.2637490033827,0.3808483972046501
temp_plus_10K,121556.41960755864,14.070011499699756,0.05356404823534,10298.686156928754,231.20853997996304,0.3804400227016264
temp_plus_10K,122870.18567989505,14.054543096650104,0.0534737416464955,10307.177482399116,231.1533463644057,0.3800320971683114
temp_plus_10K,124184.7341447251,14.039092225603156,0.0533827386729104,10315.666438220009,231.09816815156995,0.3796246200958334
temp_plus_10K,125500.08639941,14.023658865682036,0.0532910456663002,10324.153025182048,231.04300533631667,0.3792175909759159
temp_plus_10K,126816.26382329012,14.008242996513152,0.0531986690265082,10332.637244075391,230.98785791350997,0.3788110093008869
temp_plus_10K,128133.28777769802,13.992844597338353,0.0531056151968591,10341.119095689995,230.932725878015,0.3784048745636625
temp_plus_10K,129451.17960597154,13.977463647787168,0.0530118906658187,10349.598580815353,230.8776092247002,0.3779991862577628
temp_plus_10K,130769.96063346684,13.962100127219488,0.0529175019632189,10358.07570024068,230.8225079484356,0.3775939438772993
temp_plus_10K,132089.65216757142,13.946754015245611,0.052822455660949,10366.550454754835,230.76742204409356,0.3771891469169791
temp_plus_10K,133410.2754977171,13.931425291365098,0.0527267583703012,10375.022845146352,230.7123515065487,0.3767847948721033
temp_plus_10K,134731.8518953932,13.916113935147008,0.0526304167413664,10383.492872203424,230.65729633067767,0.3763808872385648
temp_plus_10K,136054.40261415928,13.900819926207252,0.0525334374616582,10391.96053671392,230.60225651135949,0.3759774235128499
temp_plus_10K,137377.94888965838,13.885543244119164,0.0524358272544845,10400.42583946536,230.5472320434752,0.3755744031920369
temp_plus_10K,138702.51193962988,13.870283868525297,0.0523375928780781,10408.888781244914,230.492222921908,0.375171825773794
temp_plus_10K,140028.11296392253,13.855041779070426,0.0522387411240503,10417.349362839444,230.4372291415436,0.3747696907563808
temp_plus_10K,141354.77314450732,13.839816955556683,0.0521392788166836,10425.807585035423,230.3822506972697,0.3743679976386473
temp_plus_10K,142682.51364549057,13.824609377478335,0.0520392128098853,10434.263448619027,230.32728758397627,0.3739667459200304
temp_plus_10K,144011.35561312677,13.80941902479642,0.0519385499888143,10442.71695437613,230.27233979655512,0.3735659351005548
temp_plus_10K,145341.32017583156,13.794245877252656,0.0518372972660057,10451.168103092165,230.2174073299009,0.373165564680836
temp_plus_10K,146672.42844419464,13.779089914481492,0.0517354615805058,10459.616895552335,230.16249017890985,0.3727656341620716
temp_plus_10K,148004.70151099272,13.763951116427505,0.0516330498981532,10468.063332541467,230.10758833848044,0.3723661430460475
temp_plus_10K,149338.1604512024,13.748829462861782,0.0515300692084772,10476.507414844022,230.05270180351383,0.371967090835136
temp_plus_10K,150672.82632201302,13.733724933689023,0.0514265265245685,10484.949143244205,229.99783056891263,0.3715684770322898
temp_plus_10K,152008.72016283963,13.718637508859524,0.0513224288814709,10493.388518525811,229.9429746295822,0.3711703011410491
temp_plus_10K,153345.86299533586,13.703567168130192,0.0512177833340119,10501.825541472312,229.88813398042996,0.3707725626655367
temp_plus_10K,154684.2758234067,13.688513891499833,0.051112596957162,10510.260212866844,229.8333086163655,0.3703752611104584
temp_plus_10K,156023.97963322143,13.673477659033816,0.0510068768441099,10518.692533492253,229.77849853230032,0.3699783959810979
temp_plus_10K,157364.99539322648,13.6584584505837,0.0509006301039563,10527.122504130992,229.72370372314853,0.3695819667833244
temp_plus_10K,158707.34405415822,13.643456246198133,0.050793863861992,10535.550125565209,229.6689241838261,0.3691859730235844
temp_plus_10K,160051.0465490558,13.628471025970864,0.0506865852578788,10543.975398576706,229.61415990925136,0.3687904142089055
temp_plus_10K,161396.12379327402,13.61350276986907,0.0505788014437671,10552.398323947007,229.55941089434444,0.3683952898468911
temp_plus_10K,162742.59668449603,13.598551458077075,0.0504705195843373,10560.818902457198,229.50467713402816,0.368000599445727
temp_plus_10K,164090.48610274628,13.58361707065284,0.0503617468542908,10569.237134888092,229.4499586232274,0.3676063425141749
temp_plus_10K,165439.81291040312,13.568699587678552,0.0502524904376864,10577.6530220202,229.3952553568687,0.3672125185615704
temp_plus_10K,166790.5979522118,13.553798989345596,0.0501427575270393,10586.066564633646,229.34056732988128,0.366819127097828
temp_plus_10K,168142.86205529704,13.538915255826485,0.0500325553216367,10594.477763508216,229.28589453719653,0.3664261676334375
temp_plus_10K,169496.62602917588,13.524048367465292,0.0499218910270408,10602.886619423436,229.23123697374763,0.3660336396794607
temp_plus_10K,170851.91066577047,13.509198304291443,0.049810771852102,10611.293133158408,229.17659463447035,0.3656415427475365
temp_plus_10K,172208.73673942074,13.494365046675195,0.0496992050101958,10619.697305491964,229.12196751430216,0.365249876349874
temp_plus_10K,173567.12500689717,13.479548574883545,0.0495871977164091,10628.099137202582,229.0673556081832,0.3648586399992568
temp_plus_10K,174927.0962074135,13.464748869165302,0.0494747571866901,10636.4986290684,229.01275891105536,0.3644678332090395
temp_plus_10K,176288.67106263945,13.449965909918728,0.0493618906373097,10644.895781867212,228.9581774178631,0.3640774554931489
temp_plus_10K,177651.8702767134,13.435199677502398,0.0492486052830204,10653.290596376526,228.90361112355257,0.3636875063660796
temp_plus_10K,179016.71453625508,13.420450152111068,0.049134908335468,10661.683073373511,228.84906002307216,0.3632979853428962
temp_plus_10K,180383.22451037832,13.405717314442146,0.0490208070045095,10670.073213634943,228.79452411137285,0.3629088919392362
temp_plus_10K,181751.42085070364,13.391001144613076,0.0489063084931342,10678.461017937316,228.74000338340744,0.3625202256713012
temp_plus_10K,183121.32419137092,13.376301623325448,0.0487914200006212,10686.846487056806,228.68549783413076,0.3621319860558608
temp_plus_10K,184492.95514905223,13.361618730910182,0.0486761487179574,10695.22962176925,228.63100745849988,0.3617441726102527
temp_plus_10K,185866.3343229642,13.346952447825716,0.0485605018285799,10703.610422850124,228.5765322514742,0.36135678485238
temp_plus_10K,187241.48229488076,13.332302754800551,0.0484444865078234,10711.988891074572,228.5220722080153,0.3609698223007127
temp_plus_10K,188618.41962914585,13.317669632154338,0.0483281099193946,10720.36502721746,228.4676273230865,0.3605832844742836
temp_plus_10K,189997.166872686,13.303053060497737,0.0482113792168761,10728.738832053292,228.4131975916536,0.3601971708926899
temp_plus_10K,191377.7445550229,13.288453020505086,0.0480943015418658,10737.110306356222,228.35878300868453,0.359811481076094
temp_plus_10K,192760.173188286,13.273869492730666,0.0479768840222932,10745.479450900126,228.3043835691492,0.3594262145452181
temp_plus_10K,194144.4732672251,13.259302457833812,0.0478591337722304,10753.846266458477,228.24999926801988,0.3590413708213495
temp_plus_10K,195530.665269223,13.244751896456185,0.0477410578904542,10762.210753804498,228.1956301002708,0.3586569494263348
temp_plus_10K,196918.76965430795,13.230217789282996,0.0476226634596892,10770.572913711016,228.1412760608784,0.3582729498825817
temp_plus_10K,198308.80686516623,13.215700117083086,0.0475039575457842,10778.932746950592,228.08693714482115,0.3578893717130575
temp_plus_10K,199700.7973271549,13.201198860527038,0.0473849471961063,10787.290254295409,228.03261334707983,0.3575062144412894
temp_plus_10K,200668.44247343732,13.191140007647078,0.0473021406906813,10793.091662989642,227.9949041905673,0.3572404283770152
