scenario,time_s,distance_m,mass_kg,height_m,temperature_k,density_kgm3,sound_speed_mps,airspeed_mps,groundspeed_mps,mach,cl,drag_n,thrust_n,fuel_flow_kgs,climb_rate_mps,mass_rate_kgs,fuel_per_meter_kgpm,implicit_denominator
standard_isa,0.0,0.0,72450.0,9499.999999999996,226.4,0.43889912259378266,301.63449404867475,240.0,267.5000000000001,0.7956649678178757,0.5005207754252166,47231.82779286059,52518.18194124021,15.8079727643133,1.7856997209592809,-15.8079727643133,0.0590952252871525,0.89934240004168
standard_isa,0.00037383125971575767,0.09999985823071868,72449.99409048588,9500.000667546843,226.3999956609455,0.4388990867941889,301.63449115819657,240.0,267.4999799736081,0.7956649754425085,0.5005207754252167,47231.82394031188,52518.177361477276,15.807971385804658,1.7856996209643312,-15.807971385804658,0.059095224558014144,0.8993424051109016
standard_isa,0.004112143856873334,1.099998028782842,72449.93499537309,9500.007343014368,226.3999522704066,0.43889872879842395,301.63446225341744,240.0,267.4997797111866,0.7956650516888372,0.5005207754252169,47231.7854148434,52518.131563282914,15.807957600548153,1.7856986208160868,-15.807957600548153,0.05909521726565773,0.8993424558131964
standard_isa,0.041495269828449095,11.09993856086958,72449.3440470794,9500.074097598532,226.39951836560954,0.43889514885794645,301.63417320586785,240.0,267.49777723675766,0.795665814152291,0.5005207754252168,47231.40016200638,52517.67358682253,15.807819749633579,1.7856886204020856,-15.807819749633579,0.05909514431457257,0.8993429627822936
standard_isa,0.4153265295442067,111.09522860631424,72443.43483833937,9500.74163537622,226.39517937005456,0.4388593511142444,301.63128275005533,240.0,267.4777674394043,0.7956734388152781,0.5005207754252166,47227.547812391465,52513.26675295162,15.806493292638434,1.78564696043303,-15.806493292638434,0.05909460604504003,0.8993450747326996
standard_isa,4.1536391267017825,1110.6386676226039,72384.36995063967,9507.416230696555,226.35179450047238,0.438501538451891,301.6023800567642,240.0,267.27916309343567,0.7957496885629015,0.5005207754252168,47189.04204835506,52469.32607029597,15.793267147159083,1.7852664811388985,-15.793267147159083,0.05908903247215744,0.8993643635737454
standard_isa,9.153639126701783,2446.3789838940447,72305.44780376347,9516.34129118031,226.29378160732796,0.4380234313295003,301.56372794906366,240.0,267.0177723985139,0.795851681607205,0.5005207754252172,47137.59087857866,52410.614641065964,15.775595006960852,1.7847577416139229,-15.775595006960852,0.05908069288892267,0.8993901560094344
standard_isa,14.153639126701783,3780.8244780155856,72226.61396655523,9525.263808401669,226.23578524538914,0.43754585918344974,301.5250819029232,240.0,266.7612335483986,0.7959536847991592,0.5005207754252167,47086.19727991381,52351.9710161936,15.75794327587427,1.7842491761535784,-15.75794327587427,0.05907133906327248,0.8994159410989326
standard_isa,19.153639126701783,5113.999398937633,72147.86833703025,9534.183783231132,226.1778054089976,0.4370688213959184,301.4864419169026,240.0,266.5095424341458,0.7960556981403168,0.5005207754252172,47034.86118587425,52293.39511472554,15.740311929532385,1.7837407848099656,-15.740311929532385,0.0590609693963277,0.8994417188382072
standard_isa,24.153639126701783,6445.927975073471,72069.21081332631,9543.101216538762,226.11984209249803,0.43659231734983117,301.4478079895626,240.0,266.26269494985075,0.7961577216322296,0.5005207754252166,46983.58253005375,52234.88685524319,15.722700943428197,1.7832325674430605,-15.722700943428197,0.05904958239226674,0.8994674892329678
standard_isa,29.153639126701783,7776.63441431445,71990.6412937033,9552.01610919428,226.06189529023717,0.4361163464288491,301.4091801194642,240.0,266.02068699264294,0.7962597552764499,0.5005207754252164,46932.361246125496,52176.446156428865,15.705110293085086,1.7827245239123515,-15.705110293085086,0.05903717665957094,0.8994932522889502
standard_isa,34.15363912670178,9106.142904045148,71912.1596765428,9560.928462067048,226.00396499656418,0.43564090801737243,301.37055830516897,240.0,265.78351446268425,0.7963617990745303,0.5005207754252166,46881.19726784213,52118.072937718294,15.687539954253202,1.7822166542989082,-15.687539954253202,0.05902375091234531,0.8995190080006548
standard_isa,39.15363912670178,10434.477611158534,71833.76586034917,9569.83827602593,225.94605120583145,0.4351660015005448,301.33194254523943,240.0,265.5511732631703,0.7964638530280221,0.5005207754252164,46830.09052903629,52059.76711789892,15.669989902487572,1.78170895842884,-15.669989902487572,0.05900930396928834,0.8995447563755123
standard_isa,44.15363912670178,11761.662682071123,71755.45974374714,9578.745551939577,225.88815391239274,0.4346916262642387,301.29333283823803,240.0,265.32365930032074,0.7965659171384787,0.5005207754252168,46779.0409636191,52001.52861595157,15.65246011340142,1.781201436159546,-15.65246011340142,0.0589938347551748,0.899570497419369
standard_isa,49.15363912670178,13087.722242738098,71677.24122548423,9587.650290676102,225.83027311060533,0.4342177816950714,301.2547291827283,240.0,265.1009684833851,0.7966679914074518,0.5005207754252167,46728.04850558175,51943.357351421735,15.63495056277794,1.7806940875060668,-15.63495056277794,0.0589773423017798,0.8995962311300765
standard_isa,54.15363912670178,14412.68039866845,71599.11020442886,9596.552493103303,225.7724087948285,0.4337444671803912,301.21613157727415,240.0,264.8830967246348,0.7967700758364937,0.500520775425217,46677.113088994185,51885.25324385852,15.61746122640141,1.7801869124506622,-15.61746122640141,0.05895982574772181,0.8996219575071497
standard_isa,59.15363912670178,15736.561234940076,71521.06657957054,9605.452160088604,225.71456095942406,0.43327168210828176,301.17754002044,240.0,264.6700399393625,0.7968721704271571,0.5005207754252167,46626.2346480054,51827.21621217071,15.59999207986338,1.779679910722222,-15.59999207986338,0.05894128433817985,0.8996476765629571
standard_isa,64.15363912670179,17059.388816214894,71443.1102500205,9614.349292498984,225.65672959875658,0.432799425867562,301.1389545107911,240.0,264.461794045881,0.7969742751809937,0.5005207754252167,46575.413116843614,51769.246176658766,15.582543099174286,1.7791730824908492,-15.582543099174286,0.058921717427625475,0.8996733882874868
standard_isa,69.15363912670179,18381.187186753916,71365.24111501002,9623.24389120115,225.5989147071925,0.43232769784777936,301.10037504689274,240.0,264.2583549655175,0.797076390099557,0.500520775425217,46524.6484298154,51711.34305642979,15.565114259985362,1.7786664274841595,-15.565114259985362,0.058901124477280645,0.8996990926931752
standard_isa,74.15363912670179,19701.98037043234,71287.459073892,9632.135957061306,225.5411162791015,0.4318564974392183,301.06180162731124,240.0,264.05971862261606,0.7971785151843989,0.5005207754252169,46473.94052130659,51653.50677142742,15.547705538199649,1.7781599456813877,-15.547705538199649,0.058879505057792735,0.8997247897796952
standard_isa,79.15363912670179,21021.792370754603,71209.76402613944,9641.025490945365,225.4833343088551,0.43138582403288994,301.02323425061326,240.0,263.8658809445305,0.7972806504370719,0.500520775425217,46423.28932578129,51595.73724150889,15.530316909694173,1.7776536369979388,-15.530316909694173,0.05885685884852591,0.8997504795499588
standard_isa,84.15363912670179,22340.647170869444,71132.15587134629,9649.912493718799,225.42556879082778,0.43091567702053896,300.98467291536616,240.0,263.6768378616257,0.7973827958591285,0.5005207754252169,46372.69477778252,51538.03438672128,15.5129483504031,1.777147501379865,-15.5129483504031,0.05883318563818678,0.8997761620053247
standard_isa,89.15363912670179,23658.568733584947,71054.63450922671,9658.7969662467,225.36781971939644,0.43044605579463774,300.94611762013784,240.0,263.49258530727366,0.7974849514521213,0.5005207754252167,46322.15681193159,51480.398127299784,15.495599836317233,1.7766415388036714,-15.495599836317233,0.05880848532510672,0.8998018371456066
standard_isa,94.15363912670179,24975.58100138356,70977.19983961503,9667.678909393802,225.31008708894026,0.4299769597483864,300.9075683634967,240.0,263.3131192178508,0.7975871172176026,0.5005207754252168,46271.6753629282,51422.82838285011,15.47827134323788,1.776135748994543,-15.47827134323788,0.05878275791656249,0.8998275049833733
standard_isa,99.15363912670179,26291.707896437132,70899.85176246533,9676.558324024478,225.25237089384086,0.429508388275711,300.8690251440115,240.0,263.1384355327356,0.7976892931571257,0.500520775425217,46221.250365550084,51365.325074529166,15.460962847433278,1.775630132177854,-15.460962847433278,0.05875600353149422,0.8998531655058111
standard_isa,104.15363912670179,27606.9733206219,70822.59017785217,9685.435211002663,225.19467112848267,0.4290403407712675,300.830487960252,240.0,262.9685301943082,0.7977914792722425,0.500520775425217,46170.88175465357,51307.888122138735,15.443674324763755,1.7751246880773717,-15.443674324763755,0.05872822239738109,0.8998788187255634
standard_isa,109.15363912670179,28921.40115553349,70745.41498596927,9694.309571191952,225.13698778725228,0.4285728166304338,300.7919568107882,240.0,262.80339914794547,0.7978936755645063,0.5005207754252169,46120.56946517264,51250.51744621361,15.426405751310293,1.7746194166352707,-15.426405751310293,0.05869941485279641,0.8999044646441912
standard_isa,114.15363912670179,30235.01526250192,70668.32608713048,9703.18140545554,225.07932086453897,0.4281058152493151,300.7534316941908,240.0,262.6430383420205,0.7979958820354691,0.5005207754252167,46070.313432119576,51193.212967206,15.409157103129,1.7741143177306014,-15.409157103129,0.05866958134661389,0.8999301032664601
standard_isa,119.15363912670179,31547.839482606534,70591.32338176889,9712.050714656245,225.0216703547344,0.4276393360247389,300.71491260903093,240.0,262.4874437278994,0.7980980986866842,0.5005207754252166,46020.11359058441,51135.97460629438,15.391928356494606,1.773609391459622,-15.391928356494606,0.058638722439044506,0.8999557345861117
standard_isa,124.15363912670179,32859.897636691014,70514.40677043637,9720.917499656549,224.9640362522324,0.4271733783542523,300.67639955388023,240.0,262.3366112599386,0.7982003255197048,0.500520775425217,45969.96987573459,51078.80228376454,15.374719487413124,1.773104637575204,-15.374719487413124,0.058606838799861394,0.8999813586143189
standard_isa,129.1536391267018,34171.21352537827,70437.57615380491,9729.781761318467,224.90641855142994,0.4267079416361309,300.63789252731124,240.0,262.1905368954845,0.7983025625360828,0.5005207754252172,45919.88222281595,51021.69592080846,15.357530472163344,1.772600056109621,-15.357530472163344,0.0585739312105121,0.9000069753480732
standard_isa,134.1536391267018,35481.810929085426,70360.83143266507,9738.643500503662,224.84881724672618,0.42624302526936836,300.5993915278969,240.0,262.0492165948694,0.7984048097373709,0.5005207754252166,45869.85056715154,50964.65543808774,15.340361286864406,1.7720956468768498,-15.340361286864406,0.058540000562492624,0.9000325847954489
standard_isa,139.1536391267018,36791.71360803872,70284.17250792588,9747.502718073483,224.79123233252233,0.4257786286536742,300.5608965542104,240.0,261.9126463214084,0.7985070671251229,0.500520775425217,45819.8748441416,50907.68075689673,15.323211907825913,1.771591409876405,-15.323211907825913,0.058505047858673845,0.900058186955102
standard_isa,144.1536391267018,38100.94530228843,70207.5992806157,9756.359414888804,224.73366380322275,0.425314751189484,300.5224076048259,240.0,261.7808220413998,0.798609334700891,0.5005207754252166,45769.95498926436,50850.77179853635,15.306082311359436,1.7710873450757856,-15.306082311359436,0.058469074212544214,0.9000837818273149
standard_isa,149.1536391267018,39409.52973172377,70131.1116518811,9765.213591810185,224.67611165323376,0.42485139227794616,300.483924678318,240.0,261.6537397241202,0.7987116124662281,0.5005207754252169,45720.09093807489,50793.92848387107,15.288972473645188,1.7705834522561337,-15.288972473645188,0.05843208084763252,0.9001093694218335
standard_isa,154.1536391267018,40717.49059608777,70054.70952298694,9774.0652496978,224.6185758769643,0.4243885513209284,300.44544777326155,240.0,261.5313953418235,0.7988139004226879,0.5005207754252168,45670.2826262055,50737.150734837094,15.271882371185963,1.7700797315379615,-15.271882371185963,0.0583940690991439,0.9001349497311724
standard_isa,159.1536391267018,42024.85157499219,69978.39279531664,9782.914389411413,224.5610564688258,0.4239262277210151,300.40697688823246,240.0,261.4137848697386,0.7989161985718224,0.5005207754252167,45620.52998936578,50680.4384724924,15.25481198022021,1.7695761827010423,-15.25481198022021,0.05835504041158969,0.90016052276515
standard_isa,164.1536391267018,43331.63632793235,69902.1613703714,9791.761011810453,224.50355342323203,0.4234644208815043,300.36851202180674,240.0,261.3009042860662,0.7990185069151856,0.500520775425217,45570.83296334205,50623.79161861002,15.237761277201612,1.7690728057405773,-15.237761277201612,0.05831499634046295,0.9001860885226458
standard_isa,169.1536391267018,44637.868494302,69826.0151497707,9800.60511775393,224.44606673459944,0.42300313020641167,300.3300531725613,240.0,261.19274957197774,0.79912082545433,0.5005207754252167,45521.191483997834,50567.21009453089,15.220730238453795,1.7685696004661604,-15.220730238453795,0.05827393855073059,0.9002116470119673
standard_isa,174.1536391267018,45943.57169340817,69749.95403525201,9809.446708100448,224.38859639734707,0.4225423551004661,300.2916003390735,240.0,261.0893167116127,0.7992231541908086,0.5005207754252166,45471.60548727348,50510.69382239516,15.203718840540938,1.7680665669329154,-15.203718840540938,0.058231868818034674,0.9002371982289527
standard_isa,179.1536391267018,47248.76952448601,69673.97792866996,9818.285783708317,224.33114240589592,0.4220820949691068,300.2531535199212,240.0,260.990601692075,0.7993254931261745,0.5005207754252171,45422.07490918575,50454.242723910735,15.186727059897128,1.7675637050104849,-15.186727059897128,0.05818878902702753,0.9002627421788616
standard_isa,184.1536391267018,48553.485566713585,69598.08673199693,9827.1223454354,224.2737047546699,0.42162234921848774,300.21471271368296,240.0,260.8966005034327,0.7994278422619807,0.5005207754252164,45372.5996858282,50397.85672079553,15.16975487295945,1.7670610145373609,-15.16975487295945,0.05814470117160402,0.9002882788685383
standard_isa,189.1536391267018,49857.74337922671,69522.28034732272,9835.956394139223,224.21628343809505,0.4211631172554717,300.1762779189376,240.0,260.8073091387142,0.7995302015997807,0.5005207754252166,45323.17975337091,50341.53573573471,15.152802256456146,1.7665584956578184,-15.152802256456146,0.05809960735570071,0.9003138082892941
standard_isa,194.1536391267018,51161.56650113375,69446.55867685405,9844.787930676946,224.15887845059984,0.4207043984876311,300.13784913426457,240.0,260.7227235939063,0.7996325711411282,0.5005207754252168,45273.81504806015,50285.279690288044,15.135869186776699,1.7660561480862427,-15.135869186776699,0.05805350979054615,0.90033933045428
standard_isa,199.1536391267018,52464.97845153037,69370.92162291528,9853.616955905272,224.10148978661573,0.4202461923232516,300.0994263582443,240.0,260.64283986795317,0.7997349508875753,0.5005207754252167,45224.50550621895,50229.088507328415,15.11895564070585,1.7655539719648659,-15.11895564070585,0.05800641079711,0.9003648453549122
standard_isa,204.1536391267018,53768.00272951437,69295.36908794713,9862.443470680628,224.04411744057592,0.4197884981713225,300.06100958945706,240.0,260.56765396275176,0.7998373408406763,0.5005207754252167,45175.251064246135,50172.9621083491,15.102061594613076,1.7650519669154834,-15.102061594613076,0.05795831280260105,0.90039035300905
standard_isa,209.1536391267018,55070.66281420039,69219.90097450757,9871.267475858982,223.9867614069166,0.4193313154415443,300.02259882648434,240.0,260.49716188315153,0.7999397410019838,0.5005207754252168,45126.05165861703,50116.900416670265,15.085187025417747,1.7645501331700275,-15.085187025417747,0.05790921834374668,0.9004158534035528
standard_isa,214.1536391267018,56372.98216473471,69144.51718527106,9880.088972295962,223.92942168007625,0.41887464354432286,299.98419406790794,240.0,260.43135963695113,0.8000421513730513,0.5005207754252166,45076.90722588284,50060.90335389286,15.06833190952175,1.764048470319027,-15.06833190952175,0.05785913006224535,0.9004413465578731
standard_isa,219.1536391267018,57674.984220309976,69069.21762302845,9888.907960846813,223.8720982544957,0.4184184818907689,299.94579531231005,240.0,260.3702432348964,0.8001445719554322,0.5005207754252167,45027.81770267067,50004.97084378032,15.051496223977873,1.7635469786834965,-15.051496223977873,0.05780805070877078,0.9004668324543437
standard_isa,224.1536391267018,58976.692400179905,68994.00219068716,9897.72444236639,223.81479112461844,0.41796282989269995,299.90740255827365,240.0,260.313808690678,0.8002470027506796,0.5005207754252166,44978.78302568367,49949.10280812596,15.034679945245909,1.7630456578530085,-15.034679945245909,0.057755983137687116,0.9004923111124692
standard_isa,229.1536391267018,60278.13010367404,68918.8707912702,9906.53841770926,223.75750028488977,0.41750768696263263,299.8690158043819,240.0,260.26205202092865,0.8003494437603479,0.500520775425217,44929.80313170023,49893.29917027762,15.01788305025356,1.7625445079335902,-15.01788305025356,0.05770293031058526,0.9005177825255092
standard_isa,234.1536391267018,61579.320710212436,68843.82332791743,9915.349887729477,223.7002257297584,0.4170530525137935,299.8306350492191,240.0,260.2149692452224,0.8004518949859892,0.5005207754252167,44880.87795757507,49837.559852991755,15.001105515750515,1.7620435287873075,-15.001105515750515,0.057648895293236246,0.9005432466991231
standard_isa,239.1536391267018,62880.28757932036,68768.8597038839,9924.158853280842,223.6429674536745,0.41659892596010406,299.79226029136936,240.0,260.1725563860703,0.8005543564291586,0.5005207754252172,44832.007440237845,49781.88477937496,14.98434731859186,1.7615427203665293,-14.98434731859186,0.05759388125608672,0.9005687036343814
standard_isa,244.1536391267018,64181.054050642975,68693.97982254118,9932.96531521668,223.58572545109155,0.41614530671619476,299.7538915294181,240.0,260.13480946891997,0.8006568280914084,0.5005207754252168,44783.19151669432,49726.27387245818,14.96760843560991,1.7610420825623063,-14.96760843560991,0.05753789147314477,0.9005941533354729
standard_isa,249.1536391267018,65481.64344396003,68619.183587376,9941.769274389997,223.528499716465,0.41569219419739134,299.71552876195085,240.0,260.10172452215204,0.8007593099742926,0.5005207754252168,44734.430124025224,49670.727055536,14.950888843716333,1.7605416153254667,-14.950888843716333,0.057480929321723946,0.9006195958035487
standard_isa,254.1536391267018,66782.07905920049,68544.47090199061,9950.570731653414,223.4712902442528,0.41523958781972026,299.6771719875538,240.0,260.0732975770784,0.8008618020793646,0.5005207754252168,44685.72319938666,49615.2442520807,14.934188519876288,1.7600413186361297,-14.934188519876288,0.05742299828166794,0.9006450310382718
standard_isa,259.1536391267018,68082.38417645721,68469.84167010259,9959.369687859184,223.4140970289153,0.4147874869999067,299.6388212048135,240.0,260.0495246679398,0.8009643044081785,0.5005207754252166,44637.07068000986,49559.82538481391,14.917507440828983,1.759541192172132,-14.917507440828983,0.057364101933573296,0.9006704590546747
standard_isa,264.1536391267018,69382.58205600157,68395.29579554504,9968.16614385914,223.35692006491558,0.4143358911553753,299.6004764123175,240.0,260.03040183190393,0.8010668169622872,0.5005207754252167,44588.47250320143,49504.470378491584,14.900845583925964,1.7590412363038348,-14.900845583925964,0.05730424396128335,0.9006958798325811
standard_isa,269.1536391267018,70682.69593829809,68320.8331822654,9976.960100504835,223.29975934671853,0.41388479970424363,299.56213760865336,240.0,260.01592510906244,0.8011693397432453,0.5005207754252169,44539.92860634249,49449.17915551795,14.884202925810902,1.7585414505270929,-14.884202925810902,0.057243428146056034,0.9007212933962797
standard_isa,274.1536391267018,71982.74904401904,68246.45373432679,9985.751558647353,223.2426148687922,0.4134342120653305,299.52380479240963,240.0,260.0060905424294,0.8012718727526058,0.5005207754252168,44491.43892688957,49393.95164024382,14.867579443713385,1.758041834999521,-14.867579443713385,0.05718165837075729,0.9007466997364123
standard_isa,279.1536391267018,73282.76457405911,68172.15735590667,9994.54051913743,223.1854866256067,0.4129841276581466,299.48547796217525,240.0,260.0008941779387,0.8013744159919226,0.5005207754252164,44443.00340237374,49338.78775610454,14.850975114587463,1.75754238951703,-14.850975114587463,0.05711893861574105,0.9007720988620143
standard_isa,284.1536391267018,74582.76570954992,68097.9439512971,10003.32698282547,223.12837461163443,0.4125345459028969,299.4471571165396,240.0,260.00033206444164,0.8014769694627497,0.5005207754252166,44394.621970400774,49283.687427298566,14.834389915616867,1.7570431141150105,-14.834389915616867,0.05705527295995965,0.9007974907699438
standard_isa,289.1536391267018,75882.77561187463,68023.81342490467,10012.11095056147,223.07127882135043,0.4120854662204804,299.4088422540926,240.0,260.00440025370506,0.8015795331666411,0.5005207754252169,44346.29456865112,49228.65057786508,14.817823823937387,1.7565440087378343,-14.817823823937387,0.056990665579038535,0.9008228754616883
standard_isa,294.1536391267018,77182.81742268254,67949.76568125033,10020.892423195048,223.01419924923215,0.4116368880324896,299.3705333734249,240.0,260.01309480040885,0.8016821071051503,0.5005207754252168,44298.02113487981,49173.677131437784,14.80127681656277,1.756045073149717,-14.80127681656277,0.056925120744109145,0.9008482529478996
standard_isa,299.1536391267018,78482.9142639036,67875.80062496963,10029.671401575426,222.9571358897597,0.41118881076121006,299.3322304731279,240.0,260.0264117621435,0.8017846912798308,0.500520775425217,44249.80160691653,49118.767012740864,14.784748870834997,1.7555463074730964,-14.784748870834997,0.05685864282263448,0.9008736232210108
standard_isa,304.1536391267018,79783.08923776302,67801.91816081098,10038.44788655156,222.90008873741485,0.41074123382961164,299.2939335517927,240.0,260.04434719940843,0.8018872856922378,0.5005207754252171,44201.63592266459,49063.92014542875,14.76823996377405,1.7550477114112697,-14.76823996377405,0.056791236274978125,0.9008989862947758
standard_isa,309.1536391267018,81083.36542679575,67728.11819363819,10047.221878971864,222.84305778668286,0.4102941566613638,299.25564260801207,240.0,260.06689717560903,0.8019898903439237,0.5005207754252164,44153.5240201025,49009.13645449136,14.751750072801897,1.7545492851146023,-14.751750072801897,0.05672290565623522,0.900924342160208
standard_isa,314.1536391267018,82383.76589386103,67654.40062842773,10055.993379684543,222.78604303205043,0.40984757868081656,299.2173576403784,240.0,260.09405775705494,0.8020925052364435,0.5005207754252169,44105.46583728221,48954.415864017596,14.735279175069294,1.7540510283746467,-14.735279175069294,0.056653655612666935,0.9009496908265745
standard_isa,319.1536391267018,83684.31368215689,67580.76537027002,10064.762389537347,222.7290444680072,0.40940149931301273,299.1790786474851,240.0,260.1258250129576,0.802195130371351,0.500520775425217,44057.461312329986,48899.75829860245,14.718827247879334,1.753552941131407,-14.718827247879334,0.056583490882330306,0.9009750322955921
standard_isa,324.1536391267018,84985.03181523472,67507.21232436893,10073.528909377681,222.67206208904506,0.4089559179836811,299.1408056279259,240.0,260.16219501542815,0.8022977657502007,0.5005207754252168,44009.510383446075,48845.163683096376,14.702394268612007,1.7530550233834354,-14.702394268612007,0.05651241629376676,0.9010003665659994
standard_isa,329.1536391267018,86285.94329701364,67433.7413960419,10082.292940052539,222.61509588965848,0.40851083411923816,299.10253858029535,240.0,260.2031638394747,0.802400411374546,0.5005207754252169,43961.61298890468,48790.63194203165,14.685980214551522,1.7525572749799614,-14.685980214551522,0.05644043676429561,0.9010256936441334
standard_isa,334.1536391267018,87587.0711117951,67360.35249071938,10091.054482408563,222.55814586434434,0.4080662471467862,299.06427750318835,240.0,260.2487275630007,0.8025030672459412,0.5005207754252164,43913.76906705376,48736.163000278735,14.669585063083897,1.7520596958586563,-14.669585063083897,0.05636755729970937,0.9010510135318328
standard_isa,339.1536391267018,88888.43822427728,67287.0455139448,10099.813537292044,222.50121200760168,0.40762215649411004,299.0260223952004,240.0,260.2988822668025,0.8026057333659405,0.5005207754252169,43865.97855631487,48681.75678271804,14.653208791598127,1.7515622859267983,-14.653208791598127,0.05629378299280904,0.9010763262324838
standard_isa,344.1536391267018,90190.06757956957,67213.82037137442,10108.570105548915,222.44429431393203,0.40717856158968013,298.9877732549274,240.0,260.3536240345671,0.8027084097360986,0.5005207754252169,43818.24139518316,48627.41321456548,14.636851377584208,1.7510650451796417,-14.636851377584208,0.056219119022675394,0.9011016317449966
standard_isa,349.1536391267018,91491.98210320702,67140.67696877746,10117.32418802469,222.3873927778395,0.4067354618626503,298.9495300809659,240.0,260.41294895286956,0.8028110963579693,0.5005207754252166,43770.557522227435,48573.13222056013,14.620512798388596,1.7505679734047894,-14.620512798388596,0.056143570652604786,0.9011269300788503
standard_isa,354.1536391267018,92794.20470116477,67067.61521203592,10126.075785564524,222.33050739383057,0.40629285674285665,298.91129287191325,240.0,260.47685311117135,0.8029137932331069,0.5005207754252171,43722.92687608994,48518.91372666684,14.604193031726716,1.7500710708024327,-14.604193031726716,0.056067143230932905,0.9011522212225263
standard_isa,359.1536391267018,94096.75825987247,66994.63500714397,10134.824899013209,222.2736381564141,0.40585074566081675,298.87306162636696,240.0,260.5453326018177,0.8030165003630655,0.500520775425217,43675.34939548615,48464.75765756455,14.587892054926929,1.7495743370701868,-14.587892054926929,0.055989842186968265,0.9011775051900861
standard_isa,364.1536391267018,95399.66564622874,66921.73626020804,10143.571529215194,222.21678506010122,0.4054091280477273,298.8348363429252,240.0,260.6183835200357,0.8031192177493998,0.5005207754252164,43627.82501920469,48410.66393859179,14.571609845516125,1.7490777721118376,-14.571609845516125,0.05591167303205952,0.9012027819851003
standard_isa,369.1536391267018,96702.94970761547,66848.91887744723,10152.315677014518,222.1599480994056,0.40496800333546606,298.7966170201867,240.0,260.69600196393174,0.8032219453936642,0.5005207754252169,43580.35368610757,48356.63249549987,14.55534638114546,1.748581375948046,-14.55534638114546,0.05583264135811046,0.90122805160519
standard_isa,374.1536391267018,98006.63327191233,66776.18276519219,10161.057343254877,222.10312726884328,0.4045273709565893,298.75840365675083,240.0,260.7781840344896,0.8033246832974129,0.500520775425217,43532.935335129616,48302.66325380814,14.539101639396247,1.7480851484809037,-14.539101639396247,0.055752752835618175,0.9012533140540138
standard_isa,379.1536391267018,99310.73914751108,66703.5278298861,10169.796528779545,222.04632256293294,0.4040872303443336,298.72019625121743,240.0,260.8649258355675,0.8034274314622003,0.5005207754252166,43485.569905279,48248.756139287485,14.52287559792553,1.7475890896705017,-14.52287559792553,0.055672013212998285,0.9012785693322782
standard_isa,384.1536391267018,100615.29012332993,66630.95397808327,10178.533234431514,221.98953397619513,0.4036475809326076,298.6819948021868,240.0,260.95622347389735,0.8035301898895809,0.5005207754252171,43438.25733563625,48194.911077479184,14.506668234321232,1.7470931993588974,-14.506668234321232,0.05559042831477935,0.9013038174467002
standard_isa,389.1536391267018,101920.30896882797,66558.46111644992,10187.267461053347,221.93276150315324,0.4032084221560008,298.6437993082599,240.0,261.052073059081,0.8036329585811095,0.5005207754252167,43390.997565354985,48141.12799457415,14.490479526366817,1.7465974775925024,-14.490479526366817,0.055508004041352116,0.9013290583935936
standard_isa,394.1536391267018,103225.81843401946,66486.0491517643,10195.999209487192,221.87600513833323,0.40276975344977867,298.60560976803833,240.0,261.1524707035881,0.8037357375383399,0.5005207754252163,43343.79053366177,48087.406816216244,14.474309451681087,1.7461019241827616,-14.474309451681087,0.055424746366308134,0.9013542921812367
standard_isa,399.1536391267018,104531.84124948813,66413.71799091477,10204.728480575002,221.81926487626248,0.4023315742498744,298.5674261801237,240.0,261.25741252275645,0.803838526762828,0.5005207754252167,43296.63617985496,48033.747468616486,14.458157988053559,1.7456065391159217,-14.458157988053559,0.055340661336428884,0.9013795188090086
standard_isa,404.1536391267018,105838.40012640163,66341.46754090204,10213.45527515818,221.76254071147181,0.4018938839929026,298.5292485431188,240.0,261.36689463478564,0.8039413262561274,0.500520775425217,43249.5344433062,47980.149877917545,14.442025113253179,1.7451113223189565,-14.442025113253179,0.05525575506964405,0.9014047382793071
standard_isa,409.1536391267018,107145.5177565257,66269.29770883775,10222.17959407781,221.7058326384942,0.4014566821161495,298.4910768556267,240.0,261.48091316073743,0.804044136019793,0.5005207754252171,43202.485263459406,47926.61397035195,14.425910805075935,1.7446162737180833,-14.425910805075935,0.05517003375389027,0.9014299505945703
standard_isa,414.1536391267018,108453.21681223859,66197.20840194396,10230.901438174675,221.6491406518646,0.40101996805757,298.452911116251,240.0,261.599464224534,0.8041469560553796,0.5005207754252171,43155.4885798305,47873.1396721631,14.40981504132109,1.7441213932096815,-14.40981504132109,0.055083503645683964,0.9014551557587566
standard_isa,419.1536391267018,109761.51994654526,66125.19952755404,10239.620808289099,221.59246474612084,0.40058374125579377,298.4147513235959,240.0,261.72254395295363,0.8042497863644417,0.500520775425217,43108.544332007965,47819.726909842284,14.393737799862524,1.7436266807476242,-14.393737799862524,0.05499617106904591,0.9014803537728974
standard_isa,424.1536391267018,111070.44979309173,66053.27099311195,10248.337705261089,221.53580491580288,0.40014800115011945,298.37659747626606,240.0,261.8501484756303,0.8043526269485343,0.5005207754252171,43061.65245965238,47766.37560973486,14.377679058530191,1.7431321361978795,-14.377679058530191,0.054908042413687165,0.9015055446425027
standard_isa,429.1536391267018,112380.0289661793,65981.42270617172,10257.052129930307,221.47916115545297,0.3997127471805139,298.33844957286664,240.0,261.98227392505123,0.8044554778092122,0.5005207754252169,43014.81290249611,47713.08569882373,14.36163879534594,1.7426377596287728,-14.36163879534594,0.05481912413453807,0.901530728362776
standard_isa,434.1536391267018,113690.28006077888,65909.65457439836,10265.764083135997,221.422533459616,0.39927797878761534,298.30030761200345,240.0,262.1189164365535,0.8045583389480304,0.5005207754252166,42968.02560034381,47659.85710316492,14.345616988052639,1.742143550730981,-14.345616988052639,0.05472942274856774,0.9015559049481594
standard_isa,439.1536391267018,115001.22565254512,65837.96650556722,10274.473565717028,221.3659218228393,0.39884369541273007,298.2621715922829,240.0,262.2600721483226,0.8046612103665433,0.5005207754252168,42921.2904930721,47606.68975038729,14.329613614866572,1.7416495097448217,-14.329613614866572,0.054638944836263074,0.9015810743850957
standard_isa,444.1536391267018,116312.88829783078,65766.35840756321,10283.18057851195,221.30932623967232,0.3984098964978292,298.2240415123119,240.0,262.4057372013909,0.804764092066306,0.5005207754252166,42874.60752062904,47553.583566648944,14.313628653561329,1.7411556363308653,-14.313628653561329,0.054547697036730264,0.9016062366895639
standard_isa,449.1536391267018,117625.29053370084,65694.83018838147,10291.88512235894,221.25274670466686,0.3979765814855508,298.18591737069755,240.0,262.5559077396348,0.8048669840488737,0.5005207754252167,42827.97662303453,47500.538479210176,14.29766208224226,1.7406619305251387,-14.29766208224226,0.05445568604923804,0.9016313918584162
standard_isa,454.1536391267018,118938.4548779468,65623.3817561272,10300.58719809577,221.19618321237746,0.3975437498192,298.14779916604806,240.0,262.710579909772,0.8049698863158011,0.500520775425217,42781.39774038022,47447.55441526337,14.281713878994273,1.74016839230481,-14.281713878994273,0.05436291863045383,0.901656539891504
standard_isa,459.1536391267018,120252.40382910083,65552.01301901501,10309.286806559878,221.1396357573608,0.3971114009427452,298.1096868969718,240.0,262.8697498613602,0.8050727988686432,0.5005207754252168,42734.87081282914,47394.63130154876,14.265784021766176,1.7396750214446126,-14.265784021766176,0.05426940159257607,0.9016816807989948
standard_isa,464.1536391267018,121567.15986644999,65480.72388536921,10317.983948588331,221.08310433417583,0.3966795343008183,298.0715805620778,240.0,263.0334137467948,0.8051757217089552,0.5005207754252167,42688.39578061575,47341.769065591216,14.249872488742954,1.7391818179779452,-14.249872488742954,0.05417514180331622,0.9017068145778774
standard_isa,469.1536391267018,122882.74545005041,65409.514263623605,10326.678625017827,221.0265889373841,0.396248149338715,298.03348015997557,240.0,263.2015677213061,0.8052786548382923,0.5005207754252168,42641.97258404593,47288.96763492505,14.233979258112438,1.7386887819082668,-14.233979258112438,0.05408014618356774,0.9017319412266657
standard_isa,474.1536391267018,124199.18302074146,65338.38406232097,10335.37083668472,220.9700895615493,0.39581724550239117,297.9953856892751,240.0,263.37420794295826,0.8053815982582097,0.5005207754252169,42595.60116349661,47236.22693640531,14.218104307857995,1.7381959129511304,-14.218104307857995,0.05398442170517077,0.9017570607585481
standard_isa,479.1536391267018,125516.49500015989,65267.33319011377,10344.060584424951,220.9136062012378,0.3953868222384679,297.9572971485871,240.0,263.55133057264516,0.8054845519702624,0.5005207754252166,42549.28145941625,47183.546897897744,14.202247616267218,1.7377032111660982,-14.202247616267218,0.05388797539139161,0.9017821731691821
standard_isa,484.1536391267018,126834.70379075402,65196.361555763426,10352.747869074097,220.85713885101836,0.39495687899422477,297.9192145365229,240.0,263.7329317740895,0.8055875159760051,0.5005207754252167,42503.013412324275,47130.92744704818,14.186409161561501,1.7372106764969204,-14.186409161561501,0.05379081431405545,0.9018072784601281
standard_isa,489.1536391267018,128153.83177579782,65125.46906813969,10361.432691467446,220.80068750546158,0.3945274152175988,297.8811378516939,240.0,263.91900771384206,0.8056904902769937,0.5005207754252167,42456.79696281079,47078.368511513785,14.170588921965647,1.7367183088579308,-14.170588921965647,0.05369294559234744,0.9018323766344469
standard_isa,494.1536391267018,129473.9013194051,65054.655636221716,10370.115052439836,220.74425215914104,0.39409843035718917,297.8430670927125,240.0,264.1095545612763,0.8057934748747833,0.500520775425217,42410.632051537184,47025.870018964684,14.154786875708368,1.7362261081342487,-14.154786875708368,0.053594376391348245,0.90185746769669
standard_isa,499.1536391267018,130794.93476654356,64983.921169096655,10378.79495282581,220.68783280663223,0.3936699238622506,297.8050022581912,240.0,264.3045684885892,0.8058964697709295,0.5005207754252166,42364.518619235336,46973.4318973867,14.139003001113394,1.7357340742959775,-14.139003001113394,0.05349511392090756,0.9018825516470774
standard_isa,504.1536391267018,132116.95444304898,64913.265575960744,10387.472393459495,220.63142944251325,0.3932418951826961,297.7669433467436,240.0,264.50404567079687,0.8059994749669874,0.5005207754252171,42318.45660670809,46921.05407447502,14.123237276416978,1.735242207169873,-14.123237276416978,0.053395165433480114,0.9019076284931388
standard_isa,509.1536391267018,133439.98265563924,64842.68876611842,10396.147375174645,220.5750420613648,0.39281434376909713,297.72889035698347,240.0,264.70798228573284,0.806102490464512,0.5005207754252168,42272.44595482899,46868.73647876882,14.107489680109413,1.7347505068669276,-14.107489680109413,0.05329453822394148,0.9019326982279132
standard_isa,514.1536391267018,134764.04169192843,64772.1906489821,10404.819898804697,220.51867065776946,0.392387269072677,297.69084328752507,240.0,264.91637451404733,0.8062055162650592,0.5005207754252166,42226.486604541846,46816.47903791243,14.091760190411637,1.7342589731270919,-14.091760190411637,0.053193239626131206,0.9019577608633583
standard_isa,519.1536391267018,136089.15382044096,64701.77113407236,10413.489965182718,220.4623152263123,0.39196067054531497,297.6528021369833,240.0,265.12921853920415,0.8063085523701845,0.5005207754252169,42180.57849686104,46764.28168046771,14.076048785820777,1.733767606002689,-14.076048785820777,0.0530912770134363,0.9019828163955061
standard_isa,524.1536391267018,137415.3412906255,64631.43013101781,10422.15757514138,220.405975761581,0.3915345476395455,297.61476690397365,240.0,265.3465105474775,0.8064115987814434,0.5005207754252169,42134.72157287141,46712.14433455693,14.060355444701631,1.733276405346255,-14.060355444701631,0.05298865779576876,0.9020078648305766
standard_isa,529.1536391267018,138742.62633286923,64561.16754955507,10430.822729512991,220.34965225816552,0.391108899808556,297.5767375871121,240.0,265.56824672795074,0.806514655500391,0.500520775425217,42088.91577372811,46660.066928989094,14.044680145625716,1.7327853712365031,-14.044680145625716,0.05288538941936514,0.902032906163257
standard_isa,534.1536391267018,140071.03115851167,64490.98329952782,10439.485429129556,220.29334471065786,0.390683726506184,297.53871418501507,240.0,265.7944232725157,0.8066177225285835,0.5005207754252168,42043.16104065624,46608.04939153829,14.029022866853024,1.7322945033263615,-14.029022866853024,0.052781479363354596,0.9020579404099497
standard_isa,539.1536391267018,141400.57795985887,64420.87729088827,10448.145674822597,220.2370531136531,0.3902590271869233,297.5006966962998,240.0,266.025036375866,0.8067207998675756,0.5005207754252166,41997.45731495151,46556.09165148597,14.013383587097275,1.7318038018061805,-14.013383587097275,0.05267693514116395,0.90208296755965
standard_isa,544.1536391267018,142731.28891019733,64350.849433694806,10456.80346742344,220.18077746174762,0.3898348013059112,297.46268511958357,240.0,266.26008223550235,0.806823887518924,0.5005207754252164,41951.80453797892,46504.193637005956,13.99776228473879,1.7313132664127404,-13.99776228473879,0.05257176429607656,0.902107987624487
standard_isa,549.1536391267018,144063.18616380804,64280.899638114075,10465.458807762909,220.12451774954107,0.38941104831894047,297.4246794534846,240.0,266.49955705172204,0.8069269854841838,0.5005207754252171,41906.202651174004,46452.35527740082,13.982158938497642,1.7308228972776756,-13.982158938497642,0.05246597440229139,0.9021330005964514
standard_isa,554.1536391267018,145396.29185598053,64211.02781441931,10474.111696671534,220.068273971635,0.38898776768245114,297.3866796966215,240.0,266.7434570276228,0.807030093764911,0.5005207754252169,41860.65159604186,46400.57650094638,13.96657352678486,1.7303326941085322,-13.96657352678486,0.05235957306101248,0.9021580064891667
standard_isa,559.1536391267018,146730.62810302674,64141.2338729911,10482.762134979457,220.0120461226335,0.3885649588535319,297.34868584761347,240.0,266.9917783690977,0.8071332123626611,0.5005207754252168,41815.15131415749,46348.85723682132,13.951006028283215,1.729842656922537,-13.951006028283215,0.052252567901161784,0.9021830053004612
standard_isa,564.1536391267018,148066.21700229513,64071.51772431656,10491.410123516493,219.9558341971428,0.3881426212899175,297.3106979050801,240.0,267.24451728483484,0.8072363412789902,0.5005207754252167,41769.7017471654,46297.19741428847,13.935456421700827,1.7293527857357631,-13.935456421700827,0.052144966576987334,0.9022079970282225
standard_isa,569.1536391267018,149403.08063218452,64001.87927899002,10500.055663112023,219.89963818977182,0.3877207544499916,297.27271586764164,240.0,267.50166998631215,0.8073394805154541,0.500520775425217,41724.30283677995,46245.59696218154,13.919924685616639,1.7288630803667053,-13.919924685616639,0.05203677676602509,0.9022329816804184
standard_isa,574.1536391267018,150741.24105215812,63932.318447711936,10508.698754595145,219.84345809513155,0.38729935779278224,297.2347397339189,240.0,267.76323268779953,0.8074426300736086,0.5005207754252166,41678.95452478474,46194.05580971562,13.904410798724399,1.7283735407457361,-13.904410798724399,0.05192800616855544,0.9022579592593112
standard_isa,579.1536391267018,152080.72030275746,63862.83514128972,10517.339398794535,219.7872939078355,0.38687843077796336,297.19676950253324,240.0,268.02920160635273,0.8075457899550093,0.5005207754252164,41633.656753033,46142.573886192135,13.888914739743829,1.727884166802486,-13.888914739743829,0.051818662505819436,0.9022829297672015
standard_isa,584.1536391267018,153421.54040561634,63793.4292706366,10525.97759653856,219.73114562249935,0.3864579728658512,297.15880517210627,240.0,268.2995729618144,0.8076489601612126,0.5005207754252168,41588.40946344705,46091.151121144,13.873436487464343,1.7273949585217674,-13.873436487464343,0.051708753518735086,0.9023078932035753
standard_isa,589.1536391267018,154763.72336347468,63724.1007467725,10534.613348655184,219.67501323374128,0.3860379835174082,297.1208467412605,240.0,268.5743429768093,0.8077521406937743,0.5005207754252171,41543.21259801871,46039.787444116286,13.857976020678999,1.7269059158594686,-13.857976020678999,0.05159828696621106,0.9023328495693953
standard_isa,594.1536391267018,156107.29116019252,63654.849480822995,10543.246655972034,219.61889673618174,0.38561846219423707,297.08289420861877,240.0,268.85350787674395,0.8078553315542504,0.5005207754252171,41498.066098808704,45988.48278430341,13.842533318075324,1.7264170386031787,-13.842533318075324,0.05148727062330703,0.9023577988742139
standard_isa,599.1536391267018,157452.26576076384,63585.6753840196,10551.877519316415,219.56279612444328,0.38519940835858213,297.04494757280423,240.0,269.1370638898052,0.8079585327441976,0.5005207754252167,41452.96990794683,45937.23707171292,13.827108358585589,1.7259283268191128,-13.827108358585589,0.05137571228111089,0.9023827411133656
standard_isa,604.1536391267018,158798.66911133056,63516.578367700335,10560.505939515166,219.50671139315142,0.384780821473332,297.00700683244116,240.0,269.4250072469533,0.8080617442651711,0.5005207754252167,41407.92396763223,45886.05023600166,13.8117011210365,1.725439780405093,-13.8117011210365,0.051263619744015734,0.9024076762907794
standard_isa,609.1536391267018,160146.52313919627,63447.55834330812,10569.131917394854,219.45064253693343,0.3843627010020117,296.96907198615384,240.0,269.7173341819263,0.8081649661187277,0.5005207754252169,41362.92822013255,45834.922206695795,13.796311584215433,1.7249513991748973,-13.796311584215433,0.05115100082855528,0.9024326044146758
standard_isa,614.1536391267018,161495.84975284024,63378.61522239153,10577.75545378169,219.394589550419,0.38394504640878657,296.9311430325672,240.0,270.0140409312346,0.8082681983064234,0.5005207754252167,41317.98260778424,45783.852914128875,13.780939727152788,1.7244631832198598,-13.780939727152788,0.05103786336304795,0.9024575254791091
standard_isa,619.1536391267018,162846.67084193116,63309.74891660515,10586.37654950146,219.3385524282405,0.38352785715846316,296.89321997030686,240.0,270.3151237341571,0.8083714408298145,0.500520775425217,41273.08707299289,45732.84228807042,13.765585528709193,1.723975132380146,-13.765585528709193,0.05092421518467104,0.9024824394909547
standard_isa,624.1536391267018,164199.00827734108,63240.95933770851,10594.995205379593,219.28253116503262,0.38311113271648506,296.855302797999,240.0,270.6205788327411,0.8084746936904567,0.5005207754252167,41228.24155823252,45681.89025852008,13.75024896781454,1.723487246551004,-13.75024896781454,0.05081006413896179,0.9025073464542787
standard_isa,629.1536391267018,165552.8839111592,63172.24639756581,10603.611422241273,219.2265257554317,0.3826948725489286,296.81739151426984,240.0,270.930402471804,0.8085779568899072,0.5005207754252166,41183.44600604534,45630.99675592011,13.73493002353195,1.7229995257654904,-13.73493002353195,0.05069541807867561,0.902532246366112
standard_isa,634.1536391267018,166908.31957670572,63103.61000814706,10612.22520091119,219.17053619407724,0.38227907612251133,296.7794861177467,240.0,271.2445908989224,0.808681230429722,0.5005207754252172,41138.70035904256,45580.16171036811,13.719628674820799,1.7225119698895703,-13.719628674820799,0.05058028486154525,0.902557139232017
standard_isa,639.1536391267018,168265.3370885456,63035.05008152669,10620.836542213732,219.11456247561074,0.38186374290458536,296.7415866070573,240.0,271.5631403644371,0.808784514311457,0.5005207754252167,41094.00455990353,45529.3850521899,13.704344900709158,1.7220245788439859,-13.704344900709158,0.05046467234956098,0.902582025054761
standard_isa,644.1536391267018,169623.95824250244,62966.56652988418,10629.445446972932,219.05860459467593,0.38144887236313585,296.70369298082966,240.0,271.8860471214486,0.8088878085366691,0.5005207754252168,41049.35855137595,45478.66671165425,13.689078680207928,1.721537352493607,-13.689078680207928,0.0503485884073086,0.9026069038399656
standard_isa,649.1536391267018,170984.20481567222,62898.1592655032,10638.051916012471,219.00266254591892,0.381034463966782,296.6658052376924,240.0,272.2133074258156,0.808991113106915,0.5005207754252164,41004.76227627557,45428.00661961148,13.673829992503054,1.7210502908957401,-13.673829992503054,0.05023204090134164,0.9026317755834267
standard_isa,654.1536391267018,172346.09856643708,62829.82820077235,10646.65595015567,218.94673632398815,0.38062051718477663,296.62792337627474,240.0,272.54491753615196,0.8090944280237509,0.5005207754252169,40960.21567748646,45377.40470664035,13.658598816698744,1.7205633939687592,-13.658598816698744,0.050115037697912625,0.9026566402880354
standard_isa,659.1536391267018,173709.66123447916,62761.573248184395,10655.257550225462,218.89082592353446,0.38020703148700513,296.5900473952064,240.0,272.8808737138242,0.8091977532887334,0.5005207754252171,40915.718697960656,45326.860903263085,13.643385131882185,1.7200766615753598,-13.643385131882185,0.04999758666190099,0.9026814979595273
standard_isa,664.1536391267018,175074.91454079427,62693.394320336665,10663.85671704443,218.8349313392112,0.3797940063439861,296.55217729311784,240.0,273.22117222295026,0.8093010889034189,0.5005207754252167,40871.27128071835,45276.37514022859,13.628188917208803,1.7195900936327366,-13.628188917208803,0.04987969565582608,0.9027063486008566
standard_isa,669.1536391267018,176441.8801877057,62625.29132992991,10672.453451434852,218.77905256567345,0.3793814412268635,296.5143130686396,240.0,273.56580933039936,0.8094044348693643,0.5005207754252164,40826.873368847126,45225.94734850996,13.613010151901495,1.7191036901122407,-13.613010151901495,0.049761372538555684,0.9027311922122121
standard_isa,674.1536391267018,177810.579858878,62557.264189769965,10681.047754218547,218.72318959757942,0.37896933560741847,296.4764547204031,240.0,273.9147813057838,0.809507791188126,0.500520775425217,40782.52490550307,45175.577459094144,13.597848815187335,1.7186174509569296,-13.597848815187335,0.04964262516380022,0.9027560287952286
standard_isa,679.1536391267018,179181.03521933054,62489.312812765296,10689.639626217097,218.66734242958887,0.37855768895805514,296.43860224704014,240.0,274.2680844214657,0.8096111578612611,0.5005207754252168,40738.22583390926,45125.26540277128,13.582704886234152,1.7181313759995576,-13.582704886234152,0.049523461378618565,0.9027808583571766
standard_isa,684.1536391267018,180553.2679154515,62421.43711192882,10698.22906825165,218.61151105636424,0.3781465007518082,296.400755647183,240.0,274.625714952547,0.8097145348903261,0.5005207754252171,40693.97609735676,45075.01111104547,13.567578344424684,1.7176454653186295,-13.567578344424684,0.049403889023171214,0.902805680892774
standard_isa,689.1536391267018,181927.29957501128,62353.637000376875,10706.81608114302,218.55569547257033,0.3777357704623409,296.36291491946463,240.0,274.98766917687135,0.809817922276878,0.5005207754252171,40649.77563920413,45024.81451480534,13.552469168956403,1.7171597187181802,-13.552469168956403,0.049283915928024724,0.9028304964107607
standard_isa,694.1536391267018,183303.15180717641,62285.91239132937,10715.400665711652,218.49989567287423,0.37732549756394274,296.32508006251845,240.0,275.3539433750202,0.8099213200224732,0.500520775425217,40605.624402877416,44974.67554551187,13.53737733919907,1.716674136193002,-13.53737733919907,0.04916354991423437,0.9028553049101329
standard_isa,699.1536391267018,184680.84620252321,62218.263198109424,10723.982822777645,218.4441116519453,0.37691568153152877,296.28725107497837,240.0,275.7245338303126,0.8100247281286689,0.5005207754252167,40561.522331869965,44924.594134569415,13.52230283450539,1.7161887176823638,-13.52230283450539,0.04904279879144645,0.9028801063927236
standard_isa,704.1536391267018,186060.40433305138,62150.68933414357,10732.56255316073,218.38834340445524,0.3765063218406402,296.2494279554788,240.0,276.099436828801,0.8101281465970219,0.5005207754252164,40517.469369742525,44874.57021339649,13.50724563423234,1.7157034630975507,-13.50724563423234,0.04892167035678411,0.9029049008617974
standard_isa,709.1536391267018,187441.8477521977,62083.19071296099,10741.13985768033,218.33259092507785,0.37609741796744034,296.2116107026547,240.0,276.47864865927255,0.8102315754290893,0.5005207754252164,40473.46546012277,44824.60371328805,13.4922057176997,1.7152183722676406,-13.4922057176997,0.04880017239351911,0.9029296883248203
standard_isa,714.1536391267018,188825.19799484976,62015.76724819435,10749.714737155435,218.27685420848965,0.37568896938871943,296.17379931514154,240.0,276.86216561324125,0.8103350146264281,0.5005207754252169,40429.51054670584,44774.6945661065,13.477183064398051,1.7147334452115002,-13.477183064398051,0.04867831267066232,0.9029544687795622
standard_isa,719.1536391267018,190210.4765773595,61948.418853578914,10758.287192404721,218.2211332493693,0.37528097558188983,296.1359937915755,240.0,277.24998398495103,0.8104384641905948,0.5005207754252167,40385.60457325378,44724.842703795046,13.462177653842305,1.7142486819468497,-13.462177653842305,0.04855609894128263,0.9029792422238511
standard_isa,724.1536391267018,191597.70499755695,61881.1454429524,10766.857224246534,218.1654280423975,0.3748734360249835,296.0981941305929,240.0,277.64210007137297,0.8105419241231474,0.5005207754252166,40341.7474835954,44675.04805782967,13.44718946540673,1.713764082273563,-13.44718946540673,0.04843353894077982,0.9030040086666492
standard_isa,729.1536391267018,192986.90473476375,61813.94693025549,10775.424833498833,218.10973858225756,0.37446635019665625,296.0604003308309,240.0,278.0385101722008,0.8106453944256424,0.5005207754252172,40297.93922162663,44625.310560182465,13.432218478614919,1.7132796461537256,-13.432218478614919,0.04831064038681472,0.9030287681086304
standard_isa,734.1536391267018,194378.09724980683,61746.823229531,10783.990020979221,218.05406486363506,0.3740597175761843,296.022612390927,240.0,278.43921058985,0.8107488750996372,0.5005207754252164,40254.179731310025,44575.630142702685,13.417264672953506,1.7127953734674577,-13.417264672953506,0.048187410977534956,0.9030535205546587
standard_isa,739.1536391267018,195771.30398503202,61679.77425492458,10792.552787504927,217.99840688121796,0.3736535376434638,295.9848303095195,240.0,278.84419762945487,0.8108523661466885,0.5005207754252171,40210.46895667511,44526.006737731856,13.402328028057287,1.7123112642563565,-13.402328028057287,0.04806385839115475,0.9030782660013454
standard_isa,744.1536391267018,197166.5463643176,61612.79992068338,10801.113133892883,217.94276462969623,0.3732478098790089,295.94705408524686,240.0,279.25346759887026,0.8109558675683541,0.500520775425217,40166.80684181767,44476.440277215836,13.387408523441964,1.7118273183720094,-13.387408523441964,0.047939990283924136,0.9031030044550152
standard_isa,749.1536391267018,198563.84579308788,61545.90014115708,10809.67106095962,217.88713810376245,0.3728425337639528,295.90928371674823,240.0,279.66701680866424,0.8110593793661912,0.500520775425217,40123.193330900256,44426.93069338809,13.372506138709813,1.7113435357464402,-13.372506138709813,0.04781581428981555,0.9031277359178822
standard_isa,754.1536391267018,199963.22365832687,61479.07483079703,10818.226569521346,217.8315272981112,0.37243770878004545,295.8715192026633,240.0,280.0848415721201,0.8111629015417569,0.500520775425217,40079.62836815173,44377.477918631725,13.357620853508148,1.710859916337828,-13.357620853508148,0.047691338019335984,0.9031524603908245
standard_isa,756.6705633397779,200668.44247343735,61445.464133905225,10822.532367970289,217.8035396081931,0.3722340965595405,295.8525113335098,240.0,280.29678489076434,0.8112150169631375,0.5005207754252172,40057.716778812995,44352.60561611641,13.350134290451036,1.7106165314173327,-13.350134290451036,0.04762856732607109,0.9031649036704447
